text,label,group
URGENT your bank account is locked verify immediately,spam,legacy_0
Congratulations you won a free cash prize claim now,spam,legacy_1
Click this link to verify your account or it will be suspended,spam,legacy_2
Your OTP is needed to confirm your prize,spam,legacy_3
Limited time offer you have been selected for a reward,spam,legacy_4
You have won a 100000 prize call now to claim,spam,legacy_5
Your payment failed update your card at this link,spam,legacy_6
Security alert reset your password immediately,spam,legacy_7
Free voucher waiting click to collect,spam,legacy_8
FINAL NOTICE account suspension verify identity,spam,legacy_9
Exclusive loan approved apply now with zero paperwork,spam,legacy_10
Winner winner claim your reward before midnight,spam,legacy_11
Your bank security requires immediate verification,spam,legacy_12
You are eligible for a free gift click here,spam,legacy_13
Act now to receive your cash reward,spam,legacy_14
Unusual login detected confirm your password,spam,legacy_15
Get rich quick send a small fee to receive prize,spam,legacy_16
Your account has been selected for a bonus offer,spam,legacy_17
Click the link to unlock your account,spam,legacy_18
Congratulations claim your lottery winnings today,spam,legacy_19
Are we still meeting for lunch today,ham,legacy_20
Please send me the project report tomorrow,ham,legacy_21
Don't forget to buy milk on your way home,ham,legacy_22
Can you call me when you are free,ham,legacy_23
The class starts at nine tomorrow morning,ham,legacy_24
Thanks for sending the files I will review them,ham,legacy_25
Are you coming to the security lecture,ham,legacy_26
Please bring your laptop to class,ham,legacy_27
Happy birthday hope you have a great day,ham,legacy_28
I will be late by ten minutes,ham,legacy_29
Can you share the notes from today's lecture,ham,legacy_30
Let's meet at the library after class,ham,legacy_31
Dinner is ready when you get home,ham,legacy_32
Please remind me about the assignment,ham,legacy_33
I finished the coding task we discussed,ham,legacy_34
What time is the football match,ham,legacy_35
Thank you for helping me with the project,ham,legacy_36
I will send the document this evening,ham,legacy_37
See you tomorrow at college,ham,legacy_38
Can you review my presentation,ham,legacy_39
URGENT: verify your account immediately before access is blocked.,spam,spam_group_0
URGENT! Please verify your account immediately before access is blocked.,spam,spam_group_0
URGENT — verify your account immediately; before access is blocked.,spam,spam_group_0
FINAL NOTICE: send the verification code to unlock the bonus.,spam,spam_group_1
FINAL NOTICE! Please send the verification code to unlock the bonus.,spam,spam_group_1
FINAL NOTICE — send the verification code; to unlock the bonus.,spam,spam_group_1
SECURITY ALERT: complete verification before midnight to collect the voucher.,spam,spam_group_2
SECURITY ALERT! Please complete verification before midnight to collect the voucher.,spam,spam_group_2
SECURITY ALERT — complete verification before midnight; to collect the voucher.,spam,spam_group_2
IMPORTANT NOTICE: click the link to continue to complete the security check.,spam,spam_group_3
IMPORTANT NOTICE! Please click the link to continue to complete the security check.,spam,spam_group_3
IMPORTANT NOTICE — click the link to continue; to complete the security check.,spam,spam_group_3
ACTION REQUIRED: claim your prize today before the deadline.,spam,spam_group_4
ACTION REQUIRED! Please claim your prize today before the deadline.,spam,spam_group_4
ACTION REQUIRED — claim your prize today; before the deadline.,spam,spam_group_4
IMMEDIATE ACTION REQUIRED: share the one-time password to receive your cash prize.,spam,spam_group_5
IMMEDIATE ACTION REQUIRED! Please share the one-time password to receive your cash prize.,spam,spam_group_5
IMMEDIATE ACTION REQUIRED — share the one-time password; to receive your cash prize.,spam,spam_group_5
LAST WARNING: update your card details and confirm your credentials.,spam,spam_group_6
LAST WARNING! Please update your card details and confirm your credentials.,spam,spam_group_6
LAST WARNING — update your card details; and confirm your credentials.,spam,spam_group_6
ACCOUNT ALERT: provide your banking details to avoid a service interruption.,spam,spam_group_7
ACCOUNT ALERT! Please provide your banking details to avoid a service interruption.,spam,spam_group_7
ACCOUNT ALERT — provide your banking details; to avoid a service interruption.,spam,spam_group_7
Congratulations: respond immediately to avoid suspension to release the funds.,spam,spam_group_8
Congratulations! Please respond immediately to avoid suspension to release the funds.,spam,spam_group_8
Congratulations — respond immediately to avoid suspension; to release the funds.,spam,spam_group_8
You have won: reset your password immediately before the offer expires.,spam,spam_group_9
You have won! Please reset your password immediately before the offer expires.,spam,spam_group_9
You have won — reset your password immediately; before the offer expires.,spam,spam_group_9
Winner selected: unlock your account using this link to receive the reward.,spam,spam_group_10
Winner selected! Please unlock your account using this link to receive the reward.,spam,spam_group_10
Winner selected — unlock your account using this link; to receive the reward.,spam,spam_group_10
Exclusive reward: confirm your identity now or your account will be suspended.,spam,spam_group_11
Exclusive reward! Please confirm your identity now or your account will be suspended.,spam,spam_group_11
Exclusive reward — confirm your identity now; or your account will be suspended.,spam,spam_group_11
Limited time offer: call the number to claim before access is blocked.,spam,spam_group_12
Limited time offer! Please call the number to claim before access is blocked.,spam,spam_group_12
Limited time offer — call the number to claim; before access is blocked.,spam,spam_group_12
Special promotion: transfer the fee to release the reward to unlock the bonus.,spam,spam_group_13
Special promotion! Please transfer the fee to release the reward to unlock the bonus.,spam,spam_group_13
Special promotion — transfer the fee to release the reward; to unlock the bonus.,spam,spam_group_13
Claim notice: open the secure portal now to collect the voucher.,spam,spam_group_14
Claim notice! Please open the secure portal now to collect the voucher.,spam,spam_group_14
Claim notice — open the secure portal now; to collect the voucher.,spam,spam_group_14
Prize notification: pay the small processing fee to complete the security check.,spam,spam_group_15
Prize notification! Please pay the small processing fee to complete the security check.,spam,spam_group_15
Prize notification — pay the small processing fee; to complete the security check.,spam,spam_group_15
Your payment failed: sign in through the attached link before the deadline.,spam,spam_group_16
Your payment failed! Please sign in through the attached link before the deadline.,spam,spam_group_16
Your payment failed — sign in through the attached link; before the deadline.,spam,spam_group_16
Your account is suspended: enter your OTP to continue to receive your cash prize.,spam,spam_group_17
Your account is suspended! Please enter your OTP to continue to receive your cash prize.,spam,spam_group_17
Your account is suspended — enter your OTP to continue; to receive your cash prize.,spam,spam_group_17
Your card requires verification: confirm your payment information and confirm your credentials.,spam,spam_group_18
Your card requires verification! Please confirm your payment information and confirm your credentials.,spam,spam_group_18
Your card requires verification — confirm your payment information; and confirm your credentials.,spam,spam_group_18
Your bank security check is pending: verify your account immediately to avoid a service interruption.,spam,spam_group_19
Your bank security check is pending! Please verify your account immediately to avoid a service interruption.,spam,spam_group_19
Your bank security check is pending — verify your account immediately; to avoid a service interruption.,spam,spam_group_19
Your delivery is on hold: send the verification code to release the funds.,spam,spam_group_20
Your delivery is on hold! Please send the verification code to release the funds.,spam,spam_group_20
Your delivery is on hold — send the verification code; to release the funds.,spam,spam_group_20
Loan approved: complete verification before midnight before the offer expires.,spam,spam_group_21
Loan approved! Please complete verification before midnight before the offer expires.,spam,spam_group_21
Loan approved — complete verification before midnight; before the offer expires.,spam,spam_group_21
Investment opportunity: click the link to continue to receive the reward.,spam,spam_group_22
Investment opportunity! Please click the link to continue to receive the reward.,spam,spam_group_22
Investment opportunity — click the link to continue; to receive the reward.,spam,spam_group_22
Cash reward available: claim your prize today or your account will be suspended.,spam,spam_group_23
Cash reward available! Please claim your prize today or your account will be suspended.,spam,spam_group_23
Cash reward available — claim your prize today; or your account will be suspended.,spam,spam_group_23
Free voucher available: share the one-time password before access is blocked.,spam,spam_group_24
Free voucher available! Please share the one-time password before access is blocked.,spam,spam_group_24
Free voucher available — share the one-time password; before access is blocked.,spam,spam_group_24
Bonus waiting for you: update your card details to unlock the bonus.,spam,spam_group_25
Bonus waiting for you! Please update your card details to unlock the bonus.,spam,spam_group_25
Bonus waiting for you — update your card details; to unlock the bonus.,spam,spam_group_25
Lottery result available: provide your banking details to collect the voucher.,spam,spam_group_26
Lottery result available! Please provide your banking details to collect the voucher.,spam,spam_group_26
Lottery result available — provide your banking details; to collect the voucher.,spam,spam_group_26
URGENT: respond immediately to avoid suspension to complete the security check.,spam,spam_group_27
URGENT! Please respond immediately to avoid suspension to complete the security check.,spam,spam_group_27
URGENT — respond immediately to avoid suspension; to complete the security check.,spam,spam_group_27
FINAL NOTICE: reset your password immediately before the deadline.,spam,spam_group_28
FINAL NOTICE! Please reset your password immediately before the deadline.,spam,spam_group_28
FINAL NOTICE — reset your password immediately; before the deadline.,spam,spam_group_28
SECURITY ALERT: unlock your account using this link to receive your cash prize.,spam,spam_group_29
SECURITY ALERT! Please unlock your account using this link to receive your cash prize.,spam,spam_group_29
SECURITY ALERT — unlock your account using this link; to receive your cash prize.,spam,spam_group_29
IMPORTANT NOTICE: confirm your identity now and confirm your credentials.,spam,spam_group_30
IMPORTANT NOTICE! Please confirm your identity now and confirm your credentials.,spam,spam_group_30
IMPORTANT NOTICE — confirm your identity now; and confirm your credentials.,spam,spam_group_30
ACTION REQUIRED: call the number to claim to avoid a service interruption.,spam,spam_group_31
ACTION REQUIRED! Please call the number to claim to avoid a service interruption.,spam,spam_group_31
ACTION REQUIRED — call the number to claim; to avoid a service interruption.,spam,spam_group_31
IMMEDIATE ACTION REQUIRED: transfer the fee to release the reward to release the funds.,spam,spam_group_32
IMMEDIATE ACTION REQUIRED! Please transfer the fee to release the reward to release the funds.,spam,spam_group_32
IMMEDIATE ACTION REQUIRED — transfer the fee to release the reward; to release the funds.,spam,spam_group_32
LAST WARNING: open the secure portal now before the offer expires.,spam,spam_group_33
LAST WARNING! Please open the secure portal now before the offer expires.,spam,spam_group_33
LAST WARNING — open the secure portal now; before the offer expires.,spam,spam_group_33
ACCOUNT ALERT: pay the small processing fee to receive the reward.,spam,spam_group_34
ACCOUNT ALERT! Please pay the small processing fee to receive the reward.,spam,spam_group_34
ACCOUNT ALERT — pay the small processing fee; to receive the reward.,spam,spam_group_34
Congratulations: sign in through the attached link or your account will be suspended.,spam,spam_group_35
Congratulations! Please sign in through the attached link or your account will be suspended.,spam,spam_group_35
Congratulations — sign in through the attached link; or your account will be suspended.,spam,spam_group_35
You have won: enter your OTP to continue before access is blocked.,spam,spam_group_36
You have won! Please enter your OTP to continue before access is blocked.,spam,spam_group_36
You have won — enter your OTP to continue; before access is blocked.,spam,spam_group_36
Winner selected: confirm your payment information to unlock the bonus.,spam,spam_group_37
Winner selected! Please confirm your payment information to unlock the bonus.,spam,spam_group_37
Winner selected — confirm your payment information; to unlock the bonus.,spam,spam_group_37
Exclusive reward: verify your account immediately to collect the voucher.,spam,spam_group_38
Exclusive reward! Please verify your account immediately to collect the voucher.,spam,spam_group_38
Exclusive reward — verify your account immediately; to collect the voucher.,spam,spam_group_38
Limited time offer: send the verification code to complete the security check.,spam,spam_group_39
Limited time offer! Please send the verification code to complete the security check.,spam,spam_group_39
Limited time offer — send the verification code; to complete the security check.,spam,spam_group_39
Special promotion: complete verification before midnight before the deadline.,spam,spam_group_40
Special promotion! Please complete verification before midnight before the deadline.,spam,spam_group_40
Special promotion — complete verification before midnight; before the deadline.,spam,spam_group_40
Claim notice: click the link to continue to receive your cash prize.,spam,spam_group_41
Claim notice! Please click the link to continue to receive your cash prize.,spam,spam_group_41
Claim notice — click the link to continue; to receive your cash prize.,spam,spam_group_41
Prize notification: claim your prize today and confirm your credentials.,spam,spam_group_42
Prize notification! Please claim your prize today and confirm your credentials.,spam,spam_group_42
Prize notification — claim your prize today; and confirm your credentials.,spam,spam_group_42
Your payment failed: share the one-time password to avoid a service interruption.,spam,spam_group_43
Your payment failed! Please share the one-time password to avoid a service interruption.,spam,spam_group_43
Your payment failed — share the one-time password; to avoid a service interruption.,spam,spam_group_43
Your account is suspended: update your card details to release the funds.,spam,spam_group_44
Your account is suspended! Please update your card details to release the funds.,spam,spam_group_44
Your account is suspended — update your card details; to release the funds.,spam,spam_group_44
Your card requires verification: provide your banking details before the offer expires.,spam,spam_group_45
Your card requires verification! Please provide your banking details before the offer expires.,spam,spam_group_45
Your card requires verification — provide your banking details; before the offer expires.,spam,spam_group_45
Your bank security check is pending: respond immediately to avoid suspension to receive the reward.,spam,spam_group_46
Your bank security check is pending! Please respond immediately to avoid suspension to receive the reward.,spam,spam_group_46
Your bank security check is pending — respond immediately to avoid suspension; to receive the reward.,spam,spam_group_46
Your delivery is on hold: reset your password immediately or your account will be suspended.,spam,spam_group_47
Your delivery is on hold! Please reset your password immediately or your account will be suspended.,spam,spam_group_47
Your delivery is on hold — reset your password immediately; or your account will be suspended.,spam,spam_group_47
Loan approved: unlock your account using this link before access is blocked.,spam,spam_group_48
Loan approved! Please unlock your account using this link before access is blocked.,spam,spam_group_48
Loan approved — unlock your account using this link; before access is blocked.,spam,spam_group_48
Investment opportunity: confirm your identity now to unlock the bonus.,spam,spam_group_49
Investment opportunity! Please confirm your identity now to unlock the bonus.,spam,spam_group_49
Investment opportunity — confirm your identity now; to unlock the bonus.,spam,spam_group_49
Cash reward available: call the number to claim to collect the voucher.,spam,spam_group_50
Cash reward available! Please call the number to claim to collect the voucher.,spam,spam_group_50
Cash reward available — call the number to claim; to collect the voucher.,spam,spam_group_50
Free voucher available: transfer the fee to release the reward to complete the security check.,spam,spam_group_51
Free voucher available! Please transfer the fee to release the reward to complete the security check.,spam,spam_group_51
Free voucher available — transfer the fee to release the reward; to complete the security check.,spam,spam_group_51
Bonus waiting for you: open the secure portal now before the deadline.,spam,spam_group_52
Bonus waiting for you! Please open the secure portal now before the deadline.,spam,spam_group_52
Bonus waiting for you — open the secure portal now; before the deadline.,spam,spam_group_52
Lottery result available: pay the small processing fee to receive your cash prize.,spam,spam_group_53
Lottery result available! Please pay the small processing fee to receive your cash prize.,spam,spam_group_53
Lottery result available — pay the small processing fee; to receive your cash prize.,spam,spam_group_53
URGENT: sign in through the attached link and confirm your credentials.,spam,spam_group_54
URGENT! Please sign in through the attached link and confirm your credentials.,spam,spam_group_54
URGENT — sign in through the attached link; and confirm your credentials.,spam,spam_group_54
FINAL NOTICE: enter your OTP to continue to avoid a service interruption.,spam,spam_group_55
FINAL NOTICE! Please enter your OTP to continue to avoid a service interruption.,spam,spam_group_55
FINAL NOTICE — enter your OTP to continue; to avoid a service interruption.,spam,spam_group_55
SECURITY ALERT: confirm your payment information to release the funds.,spam,spam_group_56
SECURITY ALERT! Please confirm your payment information to release the funds.,spam,spam_group_56
SECURITY ALERT — confirm your payment information; to release the funds.,spam,spam_group_56
IMPORTANT NOTICE: verify your account immediately before the offer expires.,spam,spam_group_57
IMPORTANT NOTICE! Please verify your account immediately before the offer expires.,spam,spam_group_57
IMPORTANT NOTICE — verify your account immediately; before the offer expires.,spam,spam_group_57
ACTION REQUIRED: send the verification code to receive the reward.,spam,spam_group_58
ACTION REQUIRED! Please send the verification code to receive the reward.,spam,spam_group_58
ACTION REQUIRED — send the verification code; to receive the reward.,spam,spam_group_58
IMMEDIATE ACTION REQUIRED: complete verification before midnight or your account will be suspended.,spam,spam_group_59
IMMEDIATE ACTION REQUIRED! Please complete verification before midnight or your account will be suspended.,spam,spam_group_59
IMMEDIATE ACTION REQUIRED — complete verification before midnight; or your account will be suspended.,spam,spam_group_59
LAST WARNING: click the link to continue before access is blocked.,spam,spam_group_60
LAST WARNING! Please click the link to continue before access is blocked.,spam,spam_group_60
LAST WARNING — click the link to continue; before access is blocked.,spam,spam_group_60
ACCOUNT ALERT: claim your prize today to unlock the bonus.,spam,spam_group_61
ACCOUNT ALERT! Please claim your prize today to unlock the bonus.,spam,spam_group_61
ACCOUNT ALERT — claim your prize today; to unlock the bonus.,spam,spam_group_61
Congratulations: share the one-time password to collect the voucher.,spam,spam_group_62
Congratulations! Please share the one-time password to collect the voucher.,spam,spam_group_62
Congratulations — share the one-time password; to collect the voucher.,spam,spam_group_62
You have won: update your card details to complete the security check.,spam,spam_group_63
You have won! Please update your card details to complete the security check.,spam,spam_group_63
You have won — update your card details; to complete the security check.,spam,spam_group_63
Winner selected: provide your banking details before the deadline.,spam,spam_group_64
Winner selected! Please provide your banking details before the deadline.,spam,spam_group_64
Winner selected — provide your banking details; before the deadline.,spam,spam_group_64
Exclusive reward: respond immediately to avoid suspension to receive your cash prize.,spam,spam_group_65
Exclusive reward! Please respond immediately to avoid suspension to receive your cash prize.,spam,spam_group_65
Exclusive reward — respond immediately to avoid suspension; to receive your cash prize.,spam,spam_group_65
Limited time offer: reset your password immediately and confirm your credentials.,spam,spam_group_66
Limited time offer! Please reset your password immediately and confirm your credentials.,spam,spam_group_66
Limited time offer — reset your password immediately; and confirm your credentials.,spam,spam_group_66
Special promotion: unlock your account using this link to avoid a service interruption.,spam,spam_group_67
Special promotion! Please unlock your account using this link to avoid a service interruption.,spam,spam_group_67
Special promotion — unlock your account using this link; to avoid a service interruption.,spam,spam_group_67
Claim notice: confirm your identity now to release the funds.,spam,spam_group_68
Claim notice! Please confirm your identity now to release the funds.,spam,spam_group_68
Claim notice — confirm your identity now; to release the funds.,spam,spam_group_68
Prize notification: call the number to claim before the offer expires.,spam,spam_group_69
Prize notification! Please call the number to claim before the offer expires.,spam,spam_group_69
Prize notification — call the number to claim; before the offer expires.,spam,spam_group_69
Your payment failed: transfer the fee to release the reward to receive the reward.,spam,spam_group_70
Your payment failed! Please transfer the fee to release the reward to receive the reward.,spam,spam_group_70
Your payment failed — transfer the fee to release the reward; to receive the reward.,spam,spam_group_70
Your account is suspended: open the secure portal now or your account will be suspended.,spam,spam_group_71
Your account is suspended! Please open the secure portal now or your account will be suspended.,spam,spam_group_71
Your account is suspended — open the secure portal now; or your account will be suspended.,spam,spam_group_71
Your card requires verification: pay the small processing fee before access is blocked.,spam,spam_group_72
Your card requires verification! Please pay the small processing fee before access is blocked.,spam,spam_group_72
Your card requires verification — pay the small processing fee; before access is blocked.,spam,spam_group_72
Your bank security check is pending: sign in through the attached link to unlock the bonus.,spam,spam_group_73
Your bank security check is pending! Please sign in through the attached link to unlock the bonus.,spam,spam_group_73
Your bank security check is pending — sign in through the attached link; to unlock the bonus.,spam,spam_group_73
Your delivery is on hold: enter your OTP to continue to collect the voucher.,spam,spam_group_74
Your delivery is on hold! Please enter your OTP to continue to collect the voucher.,spam,spam_group_74
Your delivery is on hold — enter your OTP to continue; to collect the voucher.,spam,spam_group_74
Loan approved: confirm your payment information to complete the security check.,spam,spam_group_75
Loan approved! Please confirm your payment information to complete the security check.,spam,spam_group_75
Loan approved — confirm your payment information; to complete the security check.,spam,spam_group_75
Investment opportunity: verify your account immediately before the deadline.,spam,spam_group_76
Investment opportunity! Please verify your account immediately before the deadline.,spam,spam_group_76
Investment opportunity — verify your account immediately; before the deadline.,spam,spam_group_76
Cash reward available: send the verification code to receive your cash prize.,spam,spam_group_77
Cash reward available! Please send the verification code to receive your cash prize.,spam,spam_group_77
Cash reward available — send the verification code; to receive your cash prize.,spam,spam_group_77
Free voucher available: complete verification before midnight and confirm your credentials.,spam,spam_group_78
Free voucher available! Please complete verification before midnight and confirm your credentials.,spam,spam_group_78
Free voucher available — complete verification before midnight; and confirm your credentials.,spam,spam_group_78
Bonus waiting for you: click the link to continue to avoid a service interruption.,spam,spam_group_79
Bonus waiting for you! Please click the link to continue to avoid a service interruption.,spam,spam_group_79
Bonus waiting for you — click the link to continue; to avoid a service interruption.,spam,spam_group_79
Lottery result available: claim your prize today to release the funds.,spam,spam_group_80
Lottery result available! Please claim your prize today to release the funds.,spam,spam_group_80
Lottery result available — claim your prize today; to release the funds.,spam,spam_group_80
URGENT: share the one-time password before the offer expires.,spam,spam_group_81
URGENT! Please share the one-time password before the offer expires.,spam,spam_group_81
URGENT — share the one-time password; before the offer expires.,spam,spam_group_81
FINAL NOTICE: update your card details to receive the reward.,spam,spam_group_82
FINAL NOTICE! Please update your card details to receive the reward.,spam,spam_group_82
FINAL NOTICE — update your card details; to receive the reward.,spam,spam_group_82
SECURITY ALERT: provide your banking details or your account will be suspended.,spam,spam_group_83
SECURITY ALERT! Please provide your banking details or your account will be suspended.,spam,spam_group_83
SECURITY ALERT — provide your banking details; or your account will be suspended.,spam,spam_group_83
IMPORTANT NOTICE: respond immediately to avoid suspension before access is blocked.,spam,spam_group_84
IMPORTANT NOTICE! Please respond immediately to avoid suspension before access is blocked.,spam,spam_group_84
IMPORTANT NOTICE — respond immediately to avoid suspension; before access is blocked.,spam,spam_group_84
ACTION REQUIRED: reset your password immediately to unlock the bonus.,spam,spam_group_85
ACTION REQUIRED! Please reset your password immediately to unlock the bonus.,spam,spam_group_85
ACTION REQUIRED — reset your password immediately; to unlock the bonus.,spam,spam_group_85
IMMEDIATE ACTION REQUIRED: unlock your account using this link to collect the voucher.,spam,spam_group_86
IMMEDIATE ACTION REQUIRED! Please unlock your account using this link to collect the voucher.,spam,spam_group_86
IMMEDIATE ACTION REQUIRED — unlock your account using this link; to collect the voucher.,spam,spam_group_86
LAST WARNING: confirm your identity now to complete the security check.,spam,spam_group_87
LAST WARNING! Please confirm your identity now to complete the security check.,spam,spam_group_87
LAST WARNING — confirm your identity now; to complete the security check.,spam,spam_group_87
ACCOUNT ALERT: call the number to claim before the deadline.,spam,spam_group_88
ACCOUNT ALERT! Please call the number to claim before the deadline.,spam,spam_group_88
ACCOUNT ALERT — call the number to claim; before the deadline.,spam,spam_group_88
Congratulations: transfer the fee to release the reward to receive your cash prize.,spam,spam_group_89
Congratulations! Please transfer the fee to release the reward to receive your cash prize.,spam,spam_group_89
Congratulations — transfer the fee to release the reward; to receive your cash prize.,spam,spam_group_89
You have won: open the secure portal now and confirm your credentials.,spam,spam_group_90
You have won! Please open the secure portal now and confirm your credentials.,spam,spam_group_90
You have won — open the secure portal now; and confirm your credentials.,spam,spam_group_90
Winner selected: pay the small processing fee to avoid a service interruption.,spam,spam_group_91
Winner selected! Please pay the small processing fee to avoid a service interruption.,spam,spam_group_91
Winner selected — pay the small processing fee; to avoid a service interruption.,spam,spam_group_91
Exclusive reward: sign in through the attached link to release the funds.,spam,spam_group_92
Exclusive reward! Please sign in through the attached link to release the funds.,spam,spam_group_92
Exclusive reward — sign in through the attached link; to release the funds.,spam,spam_group_92
Limited time offer: enter your OTP to continue before the offer expires.,spam,spam_group_93
Limited time offer! Please enter your OTP to continue before the offer expires.,spam,spam_group_93
Limited time offer — enter your OTP to continue; before the offer expires.,spam,spam_group_93
Special promotion: confirm your payment information to receive the reward.,spam,spam_group_94
Special promotion! Please confirm your payment information to receive the reward.,spam,spam_group_94
Special promotion — confirm your payment information; to receive the reward.,spam,spam_group_94
Claim notice: verify your account immediately or your account will be suspended.,spam,spam_group_95
Claim notice! Please verify your account immediately or your account will be suspended.,spam,spam_group_95
Claim notice — verify your account immediately; or your account will be suspended.,spam,spam_group_95
Prize notification: send the verification code before access is blocked.,spam,spam_group_96
Prize notification! Please send the verification code before access is blocked.,spam,spam_group_96
Prize notification — send the verification code; before access is blocked.,spam,spam_group_96
Your payment failed: complete verification before midnight to unlock the bonus.,spam,spam_group_97
Your payment failed! Please complete verification before midnight to unlock the bonus.,spam,spam_group_97
Your payment failed — complete verification before midnight; to unlock the bonus.,spam,spam_group_97
Your account is suspended: click the link to continue to collect the voucher.,spam,spam_group_98
Your account is suspended! Please click the link to continue to collect the voucher.,spam,spam_group_98
Your account is suspended — click the link to continue; to collect the voucher.,spam,spam_group_98
Your card requires verification: claim your prize today to complete the security check.,spam,spam_group_99
Your card requires verification! Please claim your prize today to complete the security check.,spam,spam_group_99
Your card requires verification — claim your prize today; to complete the security check.,spam,spam_group_99
Your bank security check is pending: share the one-time password before the deadline.,spam,spam_group_100
Your bank security check is pending! Please share the one-time password before the deadline.,spam,spam_group_100
Your bank security check is pending — share the one-time password; before the deadline.,spam,spam_group_100
Your delivery is on hold: update your card details to receive your cash prize.,spam,spam_group_101
Your delivery is on hold! Please update your card details to receive your cash prize.,spam,spam_group_101
Your delivery is on hold — update your card details; to receive your cash prize.,spam,spam_group_101
Loan approved: provide your banking details and confirm your credentials.,spam,spam_group_102
Loan approved! Please provide your banking details and confirm your credentials.,spam,spam_group_102
Loan approved — provide your banking details; and confirm your credentials.,spam,spam_group_102
Investment opportunity: respond immediately to avoid suspension to avoid a service interruption.,spam,spam_group_103
Investment opportunity! Please respond immediately to avoid suspension to avoid a service interruption.,spam,spam_group_103
Investment opportunity — respond immediately to avoid suspension; to avoid a service interruption.,spam,spam_group_103
Cash reward available: reset your password immediately to release the funds.,spam,spam_group_104
Cash reward available! Please reset your password immediately to release the funds.,spam,spam_group_104
Cash reward available — reset your password immediately; to release the funds.,spam,spam_group_104
Free voucher available: unlock your account using this link before the offer expires.,spam,spam_group_105
Free voucher available! Please unlock your account using this link before the offer expires.,spam,spam_group_105
Free voucher available — unlock your account using this link; before the offer expires.,spam,spam_group_105
Bonus waiting for you: confirm your identity now to receive the reward.,spam,spam_group_106
Bonus waiting for you! Please confirm your identity now to receive the reward.,spam,spam_group_106
Bonus waiting for you — confirm your identity now; to receive the reward.,spam,spam_group_106
Lottery result available: call the number to claim or your account will be suspended.,spam,spam_group_107
Lottery result available! Please call the number to claim or your account will be suspended.,spam,spam_group_107
Lottery result available — call the number to claim; or your account will be suspended.,spam,spam_group_107
URGENT: transfer the fee to release the reward before access is blocked.,spam,spam_group_108
URGENT! Please transfer the fee to release the reward before access is blocked.,spam,spam_group_108
URGENT — transfer the fee to release the reward; before access is blocked.,spam,spam_group_108
FINAL NOTICE: open the secure portal now to unlock the bonus.,spam,spam_group_109
FINAL NOTICE! Please open the secure portal now to unlock the bonus.,spam,spam_group_109
FINAL NOTICE — open the secure portal now; to unlock the bonus.,spam,spam_group_109
SECURITY ALERT: pay the small processing fee to collect the voucher.,spam,spam_group_110
SECURITY ALERT! Please pay the small processing fee to collect the voucher.,spam,spam_group_110
SECURITY ALERT — pay the small processing fee; to collect the voucher.,spam,spam_group_110
IMPORTANT NOTICE: sign in through the attached link to complete the security check.,spam,spam_group_111
IMPORTANT NOTICE! Please sign in through the attached link to complete the security check.,spam,spam_group_111
IMPORTANT NOTICE — sign in through the attached link; to complete the security check.,spam,spam_group_111
ACTION REQUIRED: enter your OTP to continue before the deadline.,spam,spam_group_112
ACTION REQUIRED! Please enter your OTP to continue before the deadline.,spam,spam_group_112
ACTION REQUIRED — enter your OTP to continue; before the deadline.,spam,spam_group_112
IMMEDIATE ACTION REQUIRED: confirm your payment information to receive your cash prize.,spam,spam_group_113
IMMEDIATE ACTION REQUIRED! Please confirm your payment information to receive your cash prize.,spam,spam_group_113
IMMEDIATE ACTION REQUIRED — confirm your payment information; to receive your cash prize.,spam,spam_group_113
LAST WARNING: verify your account immediately and confirm your credentials.,spam,spam_group_114
LAST WARNING! Please verify your account immediately and confirm your credentials.,spam,spam_group_114
LAST WARNING — verify your account immediately; and confirm your credentials.,spam,spam_group_114
ACCOUNT ALERT: send the verification code to avoid a service interruption.,spam,spam_group_115
ACCOUNT ALERT! Please send the verification code to avoid a service interruption.,spam,spam_group_115
ACCOUNT ALERT — send the verification code; to avoid a service interruption.,spam,spam_group_115
Congratulations: complete verification before midnight to release the funds.,spam,spam_group_116
Congratulations! Please complete verification before midnight to release the funds.,spam,spam_group_116
Congratulations — complete verification before midnight; to release the funds.,spam,spam_group_116
You have won: click the link to continue before the offer expires.,spam,spam_group_117
You have won! Please click the link to continue before the offer expires.,spam,spam_group_117
You have won — click the link to continue; before the offer expires.,spam,spam_group_117
Winner selected: claim your prize today to receive the reward.,spam,spam_group_118
Winner selected! Please claim your prize today to receive the reward.,spam,spam_group_118
Winner selected — claim your prize today; to receive the reward.,spam,spam_group_118
Exclusive reward: share the one-time password or your account will be suspended.,spam,spam_group_119
Exclusive reward! Please share the one-time password or your account will be suspended.,spam,spam_group_119
Exclusive reward — share the one-time password; or your account will be suspended.,spam,spam_group_119
Limited time offer: update your card details before access is blocked.,spam,spam_group_120
Limited time offer! Please update your card details before access is blocked.,spam,spam_group_120
Limited time offer — update your card details; before access is blocked.,spam,spam_group_120
Special promotion: provide your banking details to unlock the bonus.,spam,spam_group_121
Special promotion! Please provide your banking details to unlock the bonus.,spam,spam_group_121
Special promotion — provide your banking details; to unlock the bonus.,spam,spam_group_121
Claim notice: respond immediately to avoid suspension to collect the voucher.,spam,spam_group_122
Claim notice! Please respond immediately to avoid suspension to collect the voucher.,spam,spam_group_122
Claim notice — respond immediately to avoid suspension; to collect the voucher.,spam,spam_group_122
Prize notification: reset your password immediately to complete the security check.,spam,spam_group_123
Prize notification! Please reset your password immediately to complete the security check.,spam,spam_group_123
Prize notification — reset your password immediately; to complete the security check.,spam,spam_group_123
Your payment failed: unlock your account using this link before the deadline.,spam,spam_group_124
Your payment failed! Please unlock your account using this link before the deadline.,spam,spam_group_124
Your payment failed — unlock your account using this link; before the deadline.,spam,spam_group_124
Your account is suspended: confirm your identity now to receive your cash prize.,spam,spam_group_125
Your account is suspended! Please confirm your identity now to receive your cash prize.,spam,spam_group_125
Your account is suspended — confirm your identity now; to receive your cash prize.,spam,spam_group_125
Your card requires verification: call the number to claim and confirm your credentials.,spam,spam_group_126
Your card requires verification! Please call the number to claim and confirm your credentials.,spam,spam_group_126
Your card requires verification — call the number to claim; and confirm your credentials.,spam,spam_group_126
Your bank security check is pending: transfer the fee to release the reward to avoid a service interruption.,spam,spam_group_127
Your bank security check is pending! Please transfer the fee to release the reward to avoid a service interruption.,spam,spam_group_127
Your bank security check is pending — transfer the fee to release the reward; to avoid a service interruption.,spam,spam_group_127
Your delivery is on hold: open the secure portal now to release the funds.,spam,spam_group_128
Your delivery is on hold! Please open the secure portal now to release the funds.,spam,spam_group_128
Your delivery is on hold — open the secure portal now; to release the funds.,spam,spam_group_128
Loan approved: pay the small processing fee before the offer expires.,spam,spam_group_129
Loan approved! Please pay the small processing fee before the offer expires.,spam,spam_group_129
Loan approved — pay the small processing fee; before the offer expires.,spam,spam_group_129
Investment opportunity: sign in through the attached link to receive the reward.,spam,spam_group_130
Investment opportunity! Please sign in through the attached link to receive the reward.,spam,spam_group_130
Investment opportunity — sign in through the attached link; to receive the reward.,spam,spam_group_130
Cash reward available: enter your OTP to continue or your account will be suspended.,spam,spam_group_131
Cash reward available! Please enter your OTP to continue or your account will be suspended.,spam,spam_group_131
Cash reward available — enter your OTP to continue; or your account will be suspended.,spam,spam_group_131
Free voucher available: confirm your payment information before access is blocked.,spam,spam_group_132
Free voucher available! Please confirm your payment information before access is blocked.,spam,spam_group_132
Free voucher available — confirm your payment information; before access is blocked.,spam,spam_group_132
Bonus waiting for you: verify your account immediately to unlock the bonus.,spam,spam_group_133
Bonus waiting for you! Please verify your account immediately to unlock the bonus.,spam,spam_group_133
Bonus waiting for you — verify your account immediately; to unlock the bonus.,spam,spam_group_133
Lottery result available: send the verification code to collect the voucher.,spam,spam_group_134
Lottery result available! Please send the verification code to collect the voucher.,spam,spam_group_134
Lottery result available — send the verification code; to collect the voucher.,spam,spam_group_134
URGENT: complete verification before midnight to complete the security check.,spam,spam_group_135
URGENT! Please complete verification before midnight to complete the security check.,spam,spam_group_135
URGENT — complete verification before midnight; to complete the security check.,spam,spam_group_135
FINAL NOTICE: click the link to continue before the deadline.,spam,spam_group_136
FINAL NOTICE! Please click the link to continue before the deadline.,spam,spam_group_136
FINAL NOTICE — click the link to continue; before the deadline.,spam,spam_group_136
SECURITY ALERT: claim your prize today to receive your cash prize.,spam,spam_group_137
SECURITY ALERT! Please claim your prize today to receive your cash prize.,spam,spam_group_137
SECURITY ALERT — claim your prize today; to receive your cash prize.,spam,spam_group_137
IMPORTANT NOTICE: share the one-time password and confirm your credentials.,spam,spam_group_138
IMPORTANT NOTICE! Please share the one-time password and confirm your credentials.,spam,spam_group_138
IMPORTANT NOTICE — share the one-time password; and confirm your credentials.,spam,spam_group_138
ACTION REQUIRED: update your card details to avoid a service interruption.,spam,spam_group_139
ACTION REQUIRED! Please update your card details to avoid a service interruption.,spam,spam_group_139
ACTION REQUIRED — update your card details; to avoid a service interruption.,spam,spam_group_139
IMMEDIATE ACTION REQUIRED: provide your banking details to release the funds.,spam,spam_group_140
IMMEDIATE ACTION REQUIRED! Please provide your banking details to release the funds.,spam,spam_group_140
IMMEDIATE ACTION REQUIRED — provide your banking details; to release the funds.,spam,spam_group_140
LAST WARNING: respond immediately to avoid suspension before the offer expires.,spam,spam_group_141
LAST WARNING! Please respond immediately to avoid suspension before the offer expires.,spam,spam_group_141
LAST WARNING — respond immediately to avoid suspension; before the offer expires.,spam,spam_group_141
ACCOUNT ALERT: reset your password immediately to receive the reward.,spam,spam_group_142
ACCOUNT ALERT! Please reset your password immediately to receive the reward.,spam,spam_group_142
ACCOUNT ALERT — reset your password immediately; to receive the reward.,spam,spam_group_142
Congratulations: unlock your account using this link or your account will be suspended.,spam,spam_group_143
Congratulations! Please unlock your account using this link or your account will be suspended.,spam,spam_group_143
Congratulations — unlock your account using this link; or your account will be suspended.,spam,spam_group_143
You have won: confirm your identity now before access is blocked.,spam,spam_group_144
You have won! Please confirm your identity now before access is blocked.,spam,spam_group_144
You have won — confirm your identity now; before access is blocked.,spam,spam_group_144
Winner selected: call the number to claim to unlock the bonus.,spam,spam_group_145
Winner selected! Please call the number to claim to unlock the bonus.,spam,spam_group_145
Winner selected — call the number to claim; to unlock the bonus.,spam,spam_group_145
Exclusive reward: transfer the fee to release the reward to collect the voucher.,spam,spam_group_146
Exclusive reward! Please transfer the fee to release the reward to collect the voucher.,spam,spam_group_146
Exclusive reward — transfer the fee to release the reward; to collect the voucher.,spam,spam_group_146
Limited time offer: open the secure portal now to complete the security check.,spam,spam_group_147
Limited time offer! Please open the secure portal now to complete the security check.,spam,spam_group_147
Limited time offer — open the secure portal now; to complete the security check.,spam,spam_group_147
Special promotion: pay the small processing fee before the deadline.,spam,spam_group_148
Special promotion! Please pay the small processing fee before the deadline.,spam,spam_group_148
Special promotion — pay the small processing fee; before the deadline.,spam,spam_group_148
Claim notice: sign in through the attached link to receive your cash prize.,spam,spam_group_149
Claim notice! Please sign in through the attached link to receive your cash prize.,spam,spam_group_149
Claim notice — sign in through the attached link; to receive your cash prize.,spam,spam_group_149
Prize notification: enter your OTP to continue and confirm your credentials.,spam,spam_group_150
Prize notification! Please enter your OTP to continue and confirm your credentials.,spam,spam_group_150
Prize notification — enter your OTP to continue; and confirm your credentials.,spam,spam_group_150
Your payment failed: confirm your payment information to avoid a service interruption.,spam,spam_group_151
Your payment failed! Please confirm your payment information to avoid a service interruption.,spam,spam_group_151
Your payment failed — confirm your payment information; to avoid a service interruption.,spam,spam_group_151
Your account is suspended: verify your account immediately to release the funds.,spam,spam_group_152
Your account is suspended! Please verify your account immediately to release the funds.,spam,spam_group_152
Your account is suspended — verify your account immediately; to release the funds.,spam,spam_group_152
Your card requires verification: send the verification code before the offer expires.,spam,spam_group_153
Your card requires verification! Please send the verification code before the offer expires.,spam,spam_group_153
Your card requires verification — send the verification code; before the offer expires.,spam,spam_group_153
Your bank security check is pending: complete verification before midnight to receive the reward.,spam,spam_group_154
Your bank security check is pending! Please complete verification before midnight to receive the reward.,spam,spam_group_154
Your bank security check is pending — complete verification before midnight; to receive the reward.,spam,spam_group_154
Your delivery is on hold: click the link to continue or your account will be suspended.,spam,spam_group_155
Your delivery is on hold! Please click the link to continue or your account will be suspended.,spam,spam_group_155
Your delivery is on hold — click the link to continue; or your account will be suspended.,spam,spam_group_155
Loan approved: claim your prize today before access is blocked.,spam,spam_group_156
Loan approved! Please claim your prize today before access is blocked.,spam,spam_group_156
Loan approved — claim your prize today; before access is blocked.,spam,spam_group_156
Investment opportunity: share the one-time password to unlock the bonus.,spam,spam_group_157
Investment opportunity! Please share the one-time password to unlock the bonus.,spam,spam_group_157
Investment opportunity — share the one-time password; to unlock the bonus.,spam,spam_group_157
Cash reward available: update your card details to collect the voucher.,spam,spam_group_158
Cash reward available! Please update your card details to collect the voucher.,spam,spam_group_158
Cash reward available — update your card details; to collect the voucher.,spam,spam_group_158
Free voucher available: provide your banking details to complete the security check.,spam,spam_group_159
Free voucher available! Please provide your banking details to complete the security check.,spam,spam_group_159
Free voucher available — provide your banking details; to complete the security check.,spam,spam_group_159
Bonus waiting for you: respond immediately to avoid suspension before the deadline.,spam,spam_group_160
Bonus waiting for you! Please respond immediately to avoid suspension before the deadline.,spam,spam_group_160
Bonus waiting for you — respond immediately to avoid suspension; before the deadline.,spam,spam_group_160
Lottery result available: reset your password immediately to receive your cash prize.,spam,spam_group_161
Lottery result available! Please reset your password immediately to receive your cash prize.,spam,spam_group_161
Lottery result available — reset your password immediately; to receive your cash prize.,spam,spam_group_161
URGENT: unlock your account using this link and confirm your credentials.,spam,spam_group_162
URGENT! Please unlock your account using this link and confirm your credentials.,spam,spam_group_162
URGENT — unlock your account using this link; and confirm your credentials.,spam,spam_group_162
FINAL NOTICE: confirm your identity now to avoid a service interruption.,spam,spam_group_163
FINAL NOTICE! Please confirm your identity now to avoid a service interruption.,spam,spam_group_163
FINAL NOTICE — confirm your identity now; to avoid a service interruption.,spam,spam_group_163
SECURITY ALERT: call the number to claim to release the funds.,spam,spam_group_164
SECURITY ALERT! Please call the number to claim to release the funds.,spam,spam_group_164
SECURITY ALERT — call the number to claim; to release the funds.,spam,spam_group_164
IMPORTANT NOTICE: transfer the fee to release the reward before the offer expires.,spam,spam_group_165
IMPORTANT NOTICE! Please transfer the fee to release the reward before the offer expires.,spam,spam_group_165
IMPORTANT NOTICE — transfer the fee to release the reward; before the offer expires.,spam,spam_group_165
ACTION REQUIRED: open the secure portal now to receive the reward.,spam,spam_group_166
ACTION REQUIRED! Please open the secure portal now to receive the reward.,spam,spam_group_166
ACTION REQUIRED — open the secure portal now; to receive the reward.,spam,spam_group_166
IMMEDIATE ACTION REQUIRED: pay the small processing fee or your account will be suspended.,spam,spam_group_167
IMMEDIATE ACTION REQUIRED! Please pay the small processing fee or your account will be suspended.,spam,spam_group_167
IMMEDIATE ACTION REQUIRED — pay the small processing fee; or your account will be suspended.,spam,spam_group_167
LAST WARNING: sign in through the attached link before access is blocked.,spam,spam_group_168
LAST WARNING! Please sign in through the attached link before access is blocked.,spam,spam_group_168
LAST WARNING — sign in through the attached link; before access is blocked.,spam,spam_group_168
ACCOUNT ALERT: enter your OTP to continue to unlock the bonus.,spam,spam_group_169
ACCOUNT ALERT! Please enter your OTP to continue to unlock the bonus.,spam,spam_group_169
ACCOUNT ALERT — enter your OTP to continue; to unlock the bonus.,spam,spam_group_169
Congratulations: confirm your payment information to collect the voucher.,spam,spam_group_170
Congratulations! Please confirm your payment information to collect the voucher.,spam,spam_group_170
Congratulations — confirm your payment information; to collect the voucher.,spam,spam_group_170
You have won: verify your account immediately to complete the security check.,spam,spam_group_171
You have won! Please verify your account immediately to complete the security check.,spam,spam_group_171
You have won — verify your account immediately; to complete the security check.,spam,spam_group_171
Winner selected: send the verification code before the deadline.,spam,spam_group_172
Winner selected! Please send the verification code before the deadline.,spam,spam_group_172
Winner selected — send the verification code; before the deadline.,spam,spam_group_172
Exclusive reward: complete verification before midnight to receive your cash prize.,spam,spam_group_173
Exclusive reward! Please complete verification before midnight to receive your cash prize.,spam,spam_group_173
Exclusive reward — complete verification before midnight; to receive your cash prize.,spam,spam_group_173
Limited time offer: click the link to continue and confirm your credentials.,spam,spam_group_174
Limited time offer! Please click the link to continue and confirm your credentials.,spam,spam_group_174
Limited time offer — click the link to continue; and confirm your credentials.,spam,spam_group_174
Special promotion: claim your prize today to avoid a service interruption.,spam,spam_group_175
Special promotion! Please claim your prize today to avoid a service interruption.,spam,spam_group_175
Special promotion — claim your prize today; to avoid a service interruption.,spam,spam_group_175
Claim notice: share the one-time password to release the funds.,spam,spam_group_176
Claim notice! Please share the one-time password to release the funds.,spam,spam_group_176
Claim notice — share the one-time password; to release the funds.,spam,spam_group_176
Prize notification: update your card details before the offer expires.,spam,spam_group_177
Prize notification! Please update your card details before the offer expires.,spam,spam_group_177
Prize notification — update your card details; before the offer expires.,spam,spam_group_177
Your payment failed: provide your banking details to receive the reward.,spam,spam_group_178
Your payment failed! Please provide your banking details to receive the reward.,spam,spam_group_178
Your payment failed — provide your banking details; to receive the reward.,spam,spam_group_178
Your account is suspended: respond immediately to avoid suspension or your account will be suspended.,spam,spam_group_179
Your account is suspended! Please respond immediately to avoid suspension or your account will be suspended.,spam,spam_group_179
Your account is suspended — respond immediately to avoid suspension; or your account will be suspended.,spam,spam_group_179
Your card requires verification: reset your password immediately before access is blocked.,spam,spam_group_180
Your card requires verification! Please reset your password immediately before access is blocked.,spam,spam_group_180
Your card requires verification — reset your password immediately; before access is blocked.,spam,spam_group_180
Your bank security check is pending: unlock your account using this link to unlock the bonus.,spam,spam_group_181
Your bank security check is pending! Please unlock your account using this link to unlock the bonus.,spam,spam_group_181
Your bank security check is pending — unlock your account using this link; to unlock the bonus.,spam,spam_group_181
Your delivery is on hold: confirm your identity now to collect the voucher.,spam,spam_group_182
Your delivery is on hold! Please confirm your identity now to collect the voucher.,spam,spam_group_182
Your delivery is on hold — confirm your identity now; to collect the voucher.,spam,spam_group_182
Loan approved: call the number to claim to complete the security check.,spam,spam_group_183
Loan approved! Please call the number to claim to complete the security check.,spam,spam_group_183
Loan approved — call the number to claim; to complete the security check.,spam,spam_group_183
Investment opportunity: transfer the fee to release the reward before the deadline.,spam,spam_group_184
Investment opportunity! Please transfer the fee to release the reward before the deadline.,spam,spam_group_184
Investment opportunity — transfer the fee to release the reward; before the deadline.,spam,spam_group_184
Cash reward available: open the secure portal now to receive your cash prize.,spam,spam_group_185
Cash reward available! Please open the secure portal now to receive your cash prize.,spam,spam_group_185
Cash reward available — open the secure portal now; to receive your cash prize.,spam,spam_group_185
Free voucher available: pay the small processing fee and confirm your credentials.,spam,spam_group_186
Free voucher available! Please pay the small processing fee and confirm your credentials.,spam,spam_group_186
Free voucher available — pay the small processing fee; and confirm your credentials.,spam,spam_group_186
Bonus waiting for you: sign in through the attached link to avoid a service interruption.,spam,spam_group_187
Bonus waiting for you! Please sign in through the attached link to avoid a service interruption.,spam,spam_group_187
Bonus waiting for you — sign in through the attached link; to avoid a service interruption.,spam,spam_group_187
Lottery result available: enter your OTP to continue to release the funds.,spam,spam_group_188
Lottery result available! Please enter your OTP to continue to release the funds.,spam,spam_group_188
Lottery result available — enter your OTP to continue; to release the funds.,spam,spam_group_188
URGENT: confirm your payment information before the offer expires.,spam,spam_group_189
URGENT! Please confirm your payment information before the offer expires.,spam,spam_group_189
URGENT — confirm your payment information; before the offer expires.,spam,spam_group_189
FINAL NOTICE: verify your account immediately to receive the reward.,spam,spam_group_190
FINAL NOTICE! Please verify your account immediately to receive the reward.,spam,spam_group_190
FINAL NOTICE — verify your account immediately; to receive the reward.,spam,spam_group_190
SECURITY ALERT: send the verification code or your account will be suspended.,spam,spam_group_191
SECURITY ALERT! Please send the verification code or your account will be suspended.,spam,spam_group_191
SECURITY ALERT — send the verification code; or your account will be suspended.,spam,spam_group_191
IMPORTANT NOTICE: complete verification before midnight before access is blocked.,spam,spam_group_192
IMPORTANT NOTICE! Please complete verification before midnight before access is blocked.,spam,spam_group_192
IMPORTANT NOTICE — complete verification before midnight; before access is blocked.,spam,spam_group_192
ACTION REQUIRED: click the link to continue to unlock the bonus.,spam,spam_group_193
ACTION REQUIRED! Please click the link to continue to unlock the bonus.,spam,spam_group_193
ACTION REQUIRED — click the link to continue; to unlock the bonus.,spam,spam_group_193
IMMEDIATE ACTION REQUIRED: claim your prize today to collect the voucher.,spam,spam_group_194
IMMEDIATE ACTION REQUIRED! Please claim your prize today to collect the voucher.,spam,spam_group_194
IMMEDIATE ACTION REQUIRED — claim your prize today; to collect the voucher.,spam,spam_group_194
LAST WARNING: share the one-time password to complete the security check.,spam,spam_group_195
LAST WARNING! Please share the one-time password to complete the security check.,spam,spam_group_195
LAST WARNING — share the one-time password; to complete the security check.,spam,spam_group_195
ACCOUNT ALERT: update your card details before the deadline.,spam,spam_group_196
ACCOUNT ALERT! Please update your card details before the deadline.,spam,spam_group_196
ACCOUNT ALERT — update your card details; before the deadline.,spam,spam_group_196
Congratulations: provide your banking details to receive your cash prize.,spam,spam_group_197
Congratulations! Please provide your banking details to receive your cash prize.,spam,spam_group_197
Congratulations — provide your banking details; to receive your cash prize.,spam,spam_group_197
You have won: respond immediately to avoid suspension and confirm your credentials.,spam,spam_group_198
You have won! Please respond immediately to avoid suspension and confirm your credentials.,spam,spam_group_198
You have won — respond immediately to avoid suspension; and confirm your credentials.,spam,spam_group_198
Winner selected: reset your password immediately to avoid a service interruption.,spam,spam_group_199
Winner selected! Please reset your password immediately to avoid a service interruption.,spam,spam_group_199
Winner selected — reset your password immediately; to avoid a service interruption.,spam,spam_group_199
Exclusive reward: unlock your account using this link to release the funds.,spam,spam_group_200
Exclusive reward! Please unlock your account using this link to release the funds.,spam,spam_group_200
Exclusive reward — unlock your account using this link; to release the funds.,spam,spam_group_200
Limited time offer: confirm your identity now before the offer expires.,spam,spam_group_201
Limited time offer! Please confirm your identity now before the offer expires.,spam,spam_group_201
Limited time offer — confirm your identity now; before the offer expires.,spam,spam_group_201
Special promotion: call the number to claim to receive the reward.,spam,spam_group_202
Special promotion! Please call the number to claim to receive the reward.,spam,spam_group_202
Special promotion — call the number to claim; to receive the reward.,spam,spam_group_202
Claim notice: transfer the fee to release the reward or your account will be suspended.,spam,spam_group_203
Claim notice! Please transfer the fee to release the reward or your account will be suspended.,spam,spam_group_203
Claim notice — transfer the fee to release the reward; or your account will be suspended.,spam,spam_group_203
Prize notification: open the secure portal now before access is blocked.,spam,spam_group_204
Prize notification! Please open the secure portal now before access is blocked.,spam,spam_group_204
Prize notification — open the secure portal now; before access is blocked.,spam,spam_group_204
Your payment failed: pay the small processing fee to unlock the bonus.,spam,spam_group_205
Your payment failed! Please pay the small processing fee to unlock the bonus.,spam,spam_group_205
Your payment failed — pay the small processing fee; to unlock the bonus.,spam,spam_group_205
Your account is suspended: sign in through the attached link to collect the voucher.,spam,spam_group_206
Your account is suspended! Please sign in through the attached link to collect the voucher.,spam,spam_group_206
Your account is suspended — sign in through the attached link; to collect the voucher.,spam,spam_group_206
Your card requires verification: enter your OTP to continue to complete the security check.,spam,spam_group_207
Your card requires verification! Please enter your OTP to continue to complete the security check.,spam,spam_group_207
Your card requires verification — enter your OTP to continue; to complete the security check.,spam,spam_group_207
Your bank security check is pending: confirm your payment information before the deadline.,spam,spam_group_208
Your bank security check is pending! Please confirm your payment information before the deadline.,spam,spam_group_208
Your bank security check is pending — confirm your payment information; before the deadline.,spam,spam_group_208
Your delivery is on hold: verify your account immediately to receive your cash prize.,spam,spam_group_209
Your delivery is on hold! Please verify your account immediately to receive your cash prize.,spam,spam_group_209
Your delivery is on hold — verify your account immediately; to receive your cash prize.,spam,spam_group_209
Loan approved: send the verification code and confirm your credentials.,spam,spam_group_210
Loan approved! Please send the verification code and confirm your credentials.,spam,spam_group_210
Loan approved — send the verification code; and confirm your credentials.,spam,spam_group_210
Investment opportunity: complete verification before midnight to avoid a service interruption.,spam,spam_group_211
Investment opportunity! Please complete verification before midnight to avoid a service interruption.,spam,spam_group_211
Investment opportunity — complete verification before midnight; to avoid a service interruption.,spam,spam_group_211
Cash reward available: click the link to continue to release the funds.,spam,spam_group_212
Cash reward available! Please click the link to continue to release the funds.,spam,spam_group_212
Cash reward available — click the link to continue; to release the funds.,spam,spam_group_212
Free voucher available: claim your prize today before the offer expires.,spam,spam_group_213
Free voucher available! Please claim your prize today before the offer expires.,spam,spam_group_213
Free voucher available — claim your prize today; before the offer expires.,spam,spam_group_213
Bonus waiting for you: share the one-time password to receive the reward.,spam,spam_group_214
Bonus waiting for you! Please share the one-time password to receive the reward.,spam,spam_group_214
Bonus waiting for you — share the one-time password; to receive the reward.,spam,spam_group_214
Lottery result available: update your card details or your account will be suspended.,spam,spam_group_215
Lottery result available! Please update your card details or your account will be suspended.,spam,spam_group_215
Lottery result available — update your card details; or your account will be suspended.,spam,spam_group_215
URGENT: provide your banking details before access is blocked.,spam,spam_group_216
URGENT! Please provide your banking details before access is blocked.,spam,spam_group_216
URGENT — provide your banking details; before access is blocked.,spam,spam_group_216
FINAL NOTICE: respond immediately to avoid suspension to unlock the bonus.,spam,spam_group_217
FINAL NOTICE! Please respond immediately to avoid suspension to unlock the bonus.,spam,spam_group_217
FINAL NOTICE — respond immediately to avoid suspension; to unlock the bonus.,spam,spam_group_217
SECURITY ALERT: reset your password immediately to collect the voucher.,spam,spam_group_218
SECURITY ALERT! Please reset your password immediately to collect the voucher.,spam,spam_group_218
SECURITY ALERT — reset your password immediately; to collect the voucher.,spam,spam_group_218
IMPORTANT NOTICE: unlock your account using this link to complete the security check.,spam,spam_group_219
IMPORTANT NOTICE! Please unlock your account using this link to complete the security check.,spam,spam_group_219
IMPORTANT NOTICE — unlock your account using this link; to complete the security check.,spam,spam_group_219
ACTION REQUIRED: confirm your identity now before the deadline.,spam,spam_group_220
ACTION REQUIRED! Please confirm your identity now before the deadline.,spam,spam_group_220
ACTION REQUIRED — confirm your identity now; before the deadline.,spam,spam_group_220
IMMEDIATE ACTION REQUIRED: call the number to claim to receive your cash prize.,spam,spam_group_221
IMMEDIATE ACTION REQUIRED! Please call the number to claim to receive your cash prize.,spam,spam_group_221
IMMEDIATE ACTION REQUIRED — call the number to claim; to receive your cash prize.,spam,spam_group_221
LAST WARNING: transfer the fee to release the reward and confirm your credentials.,spam,spam_group_222
LAST WARNING! Please transfer the fee to release the reward and confirm your credentials.,spam,spam_group_222
LAST WARNING — transfer the fee to release the reward; and confirm your credentials.,spam,spam_group_222
ACCOUNT ALERT: open the secure portal now to avoid a service interruption.,spam,spam_group_223
ACCOUNT ALERT! Please open the secure portal now to avoid a service interruption.,spam,spam_group_223
ACCOUNT ALERT — open the secure portal now; to avoid a service interruption.,spam,spam_group_223
Congratulations: pay the small processing fee to release the funds.,spam,spam_group_224
Congratulations! Please pay the small processing fee to release the funds.,spam,spam_group_224
Congratulations — pay the small processing fee; to release the funds.,spam,spam_group_224
You have won: sign in through the attached link before the offer expires.,spam,spam_group_225
You have won! Please sign in through the attached link before the offer expires.,spam,spam_group_225
You have won — sign in through the attached link; before the offer expires.,spam,spam_group_225
Winner selected: enter your OTP to continue to receive the reward.,spam,spam_group_226
Winner selected! Please enter your OTP to continue to receive the reward.,spam,spam_group_226
Winner selected — enter your OTP to continue; to receive the reward.,spam,spam_group_226
Exclusive reward: confirm your payment information or your account will be suspended.,spam,spam_group_227
Exclusive reward! Please confirm your payment information or your account will be suspended.,spam,spam_group_227
Exclusive reward — confirm your payment information; or your account will be suspended.,spam,spam_group_227
Limited time offer: verify your account immediately before access is blocked.,spam,spam_group_228
Limited time offer! Please verify your account immediately before access is blocked.,spam,spam_group_228
Limited time offer — verify your account immediately; before access is blocked.,spam,spam_group_228
Special promotion: send the verification code to unlock the bonus.,spam,spam_group_229
Special promotion! Please send the verification code to unlock the bonus.,spam,spam_group_229
Special promotion — send the verification code; to unlock the bonus.,spam,spam_group_229
Claim notice: complete verification before midnight to collect the voucher.,spam,spam_group_230
Claim notice! Please complete verification before midnight to collect the voucher.,spam,spam_group_230
Claim notice — complete verification before midnight; to collect the voucher.,spam,spam_group_230
Prize notification: click the link to continue to complete the security check.,spam,spam_group_231
Prize notification! Please click the link to continue to complete the security check.,spam,spam_group_231
Prize notification — click the link to continue; to complete the security check.,spam,spam_group_231
Your payment failed: claim your prize today before the deadline.,spam,spam_group_232
Your payment failed! Please claim your prize today before the deadline.,spam,spam_group_232
Your payment failed — claim your prize today; before the deadline.,spam,spam_group_232
Your account is suspended: share the one-time password to receive your cash prize.,spam,spam_group_233
Your account is suspended! Please share the one-time password to receive your cash prize.,spam,spam_group_233
Your account is suspended — share the one-time password; to receive your cash prize.,spam,spam_group_233
Your card requires verification: update your card details and confirm your credentials.,spam,spam_group_234
Your card requires verification! Please update your card details and confirm your credentials.,spam,spam_group_234
Your card requires verification — update your card details; and confirm your credentials.,spam,spam_group_234
Your bank security check is pending: provide your banking details to avoid a service interruption.,spam,spam_group_235
Your bank security check is pending! Please provide your banking details to avoid a service interruption.,spam,spam_group_235
Your bank security check is pending — provide your banking details; to avoid a service interruption.,spam,spam_group_235
Your delivery is on hold: respond immediately to avoid suspension to release the funds.,spam,spam_group_236
Your delivery is on hold! Please respond immediately to avoid suspension to release the funds.,spam,spam_group_236
Your delivery is on hold — respond immediately to avoid suspension; to release the funds.,spam,spam_group_236
Loan approved: reset your password immediately before the offer expires.,spam,spam_group_237
Loan approved! Please reset your password immediately before the offer expires.,spam,spam_group_237
Loan approved — reset your password immediately; before the offer expires.,spam,spam_group_237
Investment opportunity: unlock your account using this link to receive the reward.,spam,spam_group_238
Investment opportunity! Please unlock your account using this link to receive the reward.,spam,spam_group_238
Investment opportunity — unlock your account using this link; to receive the reward.,spam,spam_group_238
Cash reward available: confirm your identity now or your account will be suspended.,spam,spam_group_239
Cash reward available! Please confirm your identity now or your account will be suspended.,spam,spam_group_239
Cash reward available — confirm your identity now; or your account will be suspended.,spam,spam_group_239
Free voucher available: call the number to claim before access is blocked.,spam,spam_group_240
Free voucher available! Please call the number to claim before access is blocked.,spam,spam_group_240
Free voucher available — call the number to claim; before access is blocked.,spam,spam_group_240
Bonus waiting for you: transfer the fee to release the reward to unlock the bonus.,spam,spam_group_241
Bonus waiting for you! Please transfer the fee to release the reward to unlock the bonus.,spam,spam_group_241
Bonus waiting for you — transfer the fee to release the reward; to unlock the bonus.,spam,spam_group_241
Lottery result available: open the secure portal now to collect the voucher.,spam,spam_group_242
Lottery result available! Please open the secure portal now to collect the voucher.,spam,spam_group_242
Lottery result available — open the secure portal now; to collect the voucher.,spam,spam_group_242
URGENT: pay the small processing fee to complete the security check.,spam,spam_group_243
URGENT! Please pay the small processing fee to complete the security check.,spam,spam_group_243
URGENT — pay the small processing fee; to complete the security check.,spam,spam_group_243
FINAL NOTICE: sign in through the attached link before the deadline.,spam,spam_group_244
FINAL NOTICE! Please sign in through the attached link before the deadline.,spam,spam_group_244
FINAL NOTICE — sign in through the attached link; before the deadline.,spam,spam_group_244
SECURITY ALERT: enter your OTP to continue to receive your cash prize.,spam,spam_group_245
SECURITY ALERT! Please enter your OTP to continue to receive your cash prize.,spam,spam_group_245
SECURITY ALERT — enter your OTP to continue; to receive your cash prize.,spam,spam_group_245
IMPORTANT NOTICE: confirm your payment information and confirm your credentials.,spam,spam_group_246
IMPORTANT NOTICE! Please confirm your payment information and confirm your credentials.,spam,spam_group_246
IMPORTANT NOTICE — confirm your payment information; and confirm your credentials.,spam,spam_group_246
ACTION REQUIRED: verify your account immediately to avoid a service interruption.,spam,spam_group_247
ACTION REQUIRED! Please verify your account immediately to avoid a service interruption.,spam,spam_group_247
ACTION REQUIRED — verify your account immediately; to avoid a service interruption.,spam,spam_group_247
IMMEDIATE ACTION REQUIRED: send the verification code to release the funds.,spam,spam_group_248
IMMEDIATE ACTION REQUIRED! Please send the verification code to release the funds.,spam,spam_group_248
IMMEDIATE ACTION REQUIRED — send the verification code; to release the funds.,spam,spam_group_248
LAST WARNING: complete verification before midnight before the offer expires.,spam,spam_group_249
LAST WARNING! Please complete verification before midnight before the offer expires.,spam,spam_group_249
LAST WARNING — complete verification before midnight; before the offer expires.,spam,spam_group_249
ACCOUNT ALERT: click the link to continue to receive the reward.,spam,spam_group_250
ACCOUNT ALERT! Please click the link to continue to receive the reward.,spam,spam_group_250
ACCOUNT ALERT — click the link to continue; to receive the reward.,spam,spam_group_250
Congratulations: claim your prize today or your account will be suspended.,spam,spam_group_251
Congratulations! Please claim your prize today or your account will be suspended.,spam,spam_group_251
Congratulations — claim your prize today; or your account will be suspended.,spam,spam_group_251
You have won: share the one-time password before access is blocked.,spam,spam_group_252
You have won! Please share the one-time password before access is blocked.,spam,spam_group_252
You have won — share the one-time password; before access is blocked.,spam,spam_group_252
Winner selected: update your card details to unlock the bonus.,spam,spam_group_253
Winner selected! Please update your card details to unlock the bonus.,spam,spam_group_253
Winner selected — update your card details; to unlock the bonus.,spam,spam_group_253
Exclusive reward: provide your banking details to collect the voucher.,spam,spam_group_254
Exclusive reward! Please provide your banking details to collect the voucher.,spam,spam_group_254
Exclusive reward — provide your banking details; to collect the voucher.,spam,spam_group_254
Limited time offer: respond immediately to avoid suspension to complete the security check.,spam,spam_group_255
Limited time offer! Please respond immediately to avoid suspension to complete the security check.,spam,spam_group_255
Limited time offer — respond immediately to avoid suspension; to complete the security check.,spam,spam_group_255
Special promotion: reset your password immediately before the deadline.,spam,spam_group_256
Special promotion! Please reset your password immediately before the deadline.,spam,spam_group_256
Special promotion — reset your password immediately; before the deadline.,spam,spam_group_256
Claim notice: unlock your account using this link to receive your cash prize.,spam,spam_group_257
Claim notice! Please unlock your account using this link to receive your cash prize.,spam,spam_group_257
Claim notice — unlock your account using this link; to receive your cash prize.,spam,spam_group_257
Prize notification: confirm your identity now and confirm your credentials.,spam,spam_group_258
Prize notification! Please confirm your identity now and confirm your credentials.,spam,spam_group_258
Prize notification — confirm your identity now; and confirm your credentials.,spam,spam_group_258
Your payment failed: call the number to claim to avoid a service interruption.,spam,spam_group_259
Your payment failed! Please call the number to claim to avoid a service interruption.,spam,spam_group_259
Your payment failed — call the number to claim; to avoid a service interruption.,spam,spam_group_259
Your account is suspended: transfer the fee to release the reward to release the funds.,spam,spam_group_260
Your account is suspended! Please transfer the fee to release the reward to release the funds.,spam,spam_group_260
Your account is suspended — transfer the fee to release the reward; to release the funds.,spam,spam_group_260
Your card requires verification: open the secure portal now before the offer expires.,spam,spam_group_261
Your card requires verification! Please open the secure portal now before the offer expires.,spam,spam_group_261
Your card requires verification — open the secure portal now; before the offer expires.,spam,spam_group_261
Your bank security check is pending: pay the small processing fee to receive the reward.,spam,spam_group_262
Your bank security check is pending! Please pay the small processing fee to receive the reward.,spam,spam_group_262
Your bank security check is pending — pay the small processing fee; to receive the reward.,spam,spam_group_262
Your delivery is on hold: sign in through the attached link or your account will be suspended.,spam,spam_group_263
Your delivery is on hold! Please sign in through the attached link or your account will be suspended.,spam,spam_group_263
Your delivery is on hold — sign in through the attached link; or your account will be suspended.,spam,spam_group_263
Loan approved: enter your OTP to continue before access is blocked.,spam,spam_group_264
Loan approved! Please enter your OTP to continue before access is blocked.,spam,spam_group_264
Loan approved — enter your OTP to continue; before access is blocked.,spam,spam_group_264
Investment opportunity: confirm your payment information to unlock the bonus.,spam,spam_group_265
Investment opportunity! Please confirm your payment information to unlock the bonus.,spam,spam_group_265
Investment opportunity — confirm your payment information; to unlock the bonus.,spam,spam_group_265
Cash reward available: verify your account immediately to collect the voucher.,spam,spam_group_266
Cash reward available! Please verify your account immediately to collect the voucher.,spam,spam_group_266
Cash reward available — verify your account immediately; to collect the voucher.,spam,spam_group_266
Free voucher available: send the verification code to complete the security check.,spam,spam_group_267
Free voucher available! Please send the verification code to complete the security check.,spam,spam_group_267
Free voucher available — send the verification code; to complete the security check.,spam,spam_group_267
Bonus waiting for you: complete verification before midnight before the deadline.,spam,spam_group_268
Bonus waiting for you! Please complete verification before midnight before the deadline.,spam,spam_group_268
Bonus waiting for you — complete verification before midnight; before the deadline.,spam,spam_group_268
Lottery result available: click the link to continue to receive your cash prize.,spam,spam_group_269
Lottery result available! Please click the link to continue to receive your cash prize.,spam,spam_group_269
Lottery result available — click the link to continue; to receive your cash prize.,spam,spam_group_269
URGENT: claim your prize today and confirm your credentials.,spam,spam_group_270
URGENT! Please claim your prize today and confirm your credentials.,spam,spam_group_270
URGENT — claim your prize today; and confirm your credentials.,spam,spam_group_270
FINAL NOTICE: share the one-time password to avoid a service interruption.,spam,spam_group_271
FINAL NOTICE! Please share the one-time password to avoid a service interruption.,spam,spam_group_271
FINAL NOTICE — share the one-time password; to avoid a service interruption.,spam,spam_group_271
SECURITY ALERT: update your card details to release the funds.,spam,spam_group_272
SECURITY ALERT! Please update your card details to release the funds.,spam,spam_group_272
SECURITY ALERT — update your card details; to release the funds.,spam,spam_group_272
IMPORTANT NOTICE: provide your banking details before the offer expires.,spam,spam_group_273
IMPORTANT NOTICE! Please provide your banking details before the offer expires.,spam,spam_group_273
IMPORTANT NOTICE — provide your banking details; before the offer expires.,spam,spam_group_273
ACTION REQUIRED: respond immediately to avoid suspension to receive the reward.,spam,spam_group_274
ACTION REQUIRED! Please respond immediately to avoid suspension to receive the reward.,spam,spam_group_274
ACTION REQUIRED — respond immediately to avoid suspension; to receive the reward.,spam,spam_group_274
IMMEDIATE ACTION REQUIRED: reset your password immediately or your account will be suspended.,spam,spam_group_275
IMMEDIATE ACTION REQUIRED! Please reset your password immediately or your account will be suspended.,spam,spam_group_275
IMMEDIATE ACTION REQUIRED — reset your password immediately; or your account will be suspended.,spam,spam_group_275
LAST WARNING: unlock your account using this link before access is blocked.,spam,spam_group_276
LAST WARNING! Please unlock your account using this link before access is blocked.,spam,spam_group_276
LAST WARNING — unlock your account using this link; before access is blocked.,spam,spam_group_276
ACCOUNT ALERT: confirm your identity now to unlock the bonus.,spam,spam_group_277
ACCOUNT ALERT! Please confirm your identity now to unlock the bonus.,spam,spam_group_277
ACCOUNT ALERT — confirm your identity now; to unlock the bonus.,spam,spam_group_277
Congratulations: call the number to claim to collect the voucher.,spam,spam_group_278
Congratulations! Please call the number to claim to collect the voucher.,spam,spam_group_278
Congratulations — call the number to claim; to collect the voucher.,spam,spam_group_278
You have won: transfer the fee to release the reward to complete the security check.,spam,spam_group_279
You have won! Please transfer the fee to release the reward to complete the security check.,spam,spam_group_279
You have won — transfer the fee to release the reward; to complete the security check.,spam,spam_group_279
Winner selected: open the secure portal now before the deadline.,spam,spam_group_280
Winner selected! Please open the secure portal now before the deadline.,spam,spam_group_280
Winner selected — open the secure portal now; before the deadline.,spam,spam_group_280
Exclusive reward: pay the small processing fee to receive your cash prize.,spam,spam_group_281
Exclusive reward! Please pay the small processing fee to receive your cash prize.,spam,spam_group_281
Exclusive reward — pay the small processing fee; to receive your cash prize.,spam,spam_group_281
Limited time offer: sign in through the attached link and confirm your credentials.,spam,spam_group_282
Limited time offer! Please sign in through the attached link and confirm your credentials.,spam,spam_group_282
Limited time offer — sign in through the attached link; and confirm your credentials.,spam,spam_group_282
Special promotion: enter your OTP to continue to avoid a service interruption.,spam,spam_group_283
Special promotion! Please enter your OTP to continue to avoid a service interruption.,spam,spam_group_283
Special promotion — enter your OTP to continue; to avoid a service interruption.,spam,spam_group_283
Claim notice: confirm your payment information to release the funds.,spam,spam_group_284
Claim notice! Please confirm your payment information to release the funds.,spam,spam_group_284
Claim notice — confirm your payment information; to release the funds.,spam,spam_group_284
Prize notification: verify your account immediately before the offer expires.,spam,spam_group_285
Prize notification! Please verify your account immediately before the offer expires.,spam,spam_group_285
Prize notification — verify your account immediately; before the offer expires.,spam,spam_group_285
Your payment failed: send the verification code to receive the reward.,spam,spam_group_286
Your payment failed! Please send the verification code to receive the reward.,spam,spam_group_286
Your payment failed — send the verification code; to receive the reward.,spam,spam_group_286
Your account is suspended: complete verification before midnight or your account will be suspended.,spam,spam_group_287
Your account is suspended! Please complete verification before midnight or your account will be suspended.,spam,spam_group_287
Your account is suspended — complete verification before midnight; or your account will be suspended.,spam,spam_group_287
Your card requires verification: click the link to continue before access is blocked.,spam,spam_group_288
Your card requires verification! Please click the link to continue before access is blocked.,spam,spam_group_288
Your card requires verification — click the link to continue; before access is blocked.,spam,spam_group_288
Your bank security check is pending: claim your prize today to unlock the bonus.,spam,spam_group_289
Your bank security check is pending! Please claim your prize today to unlock the bonus.,spam,spam_group_289
Your bank security check is pending — claim your prize today; to unlock the bonus.,spam,spam_group_289
Your delivery is on hold: share the one-time password to collect the voucher.,spam,spam_group_290
Your delivery is on hold! Please share the one-time password to collect the voucher.,spam,spam_group_290
Your delivery is on hold — share the one-time password; to collect the voucher.,spam,spam_group_290
Loan approved: update your card details to complete the security check.,spam,spam_group_291
Loan approved! Please update your card details to complete the security check.,spam,spam_group_291
Loan approved — update your card details; to complete the security check.,spam,spam_group_291
Investment opportunity: provide your banking details before the deadline.,spam,spam_group_292
Investment opportunity! Please provide your banking details before the deadline.,spam,spam_group_292
Investment opportunity — provide your banking details; before the deadline.,spam,spam_group_292
Cash reward available: respond immediately to avoid suspension to receive your cash prize.,spam,spam_group_293
Cash reward available! Please respond immediately to avoid suspension to receive your cash prize.,spam,spam_group_293
Cash reward available — respond immediately to avoid suspension; to receive your cash prize.,spam,spam_group_293
Free voucher available: reset your password immediately and confirm your credentials.,spam,spam_group_294
Free voucher available! Please reset your password immediately and confirm your credentials.,spam,spam_group_294
Free voucher available — reset your password immediately; and confirm your credentials.,spam,spam_group_294
Bonus waiting for you: unlock your account using this link to avoid a service interruption.,spam,spam_group_295
Bonus waiting for you! Please unlock your account using this link to avoid a service interruption.,spam,spam_group_295
Bonus waiting for you — unlock your account using this link; to avoid a service interruption.,spam,spam_group_295
Lottery result available: confirm your identity now to release the funds.,spam,spam_group_296
Lottery result available! Please confirm your identity now to release the funds.,spam,spam_group_296
Lottery result available — confirm your identity now; to release the funds.,spam,spam_group_296
URGENT: call the number to claim before the offer expires.,spam,spam_group_297
URGENT! Please call the number to claim before the offer expires.,spam,spam_group_297
URGENT — call the number to claim; before the offer expires.,spam,spam_group_297
FINAL NOTICE: transfer the fee to release the reward to receive the reward.,spam,spam_group_298
FINAL NOTICE! Please transfer the fee to release the reward to receive the reward.,spam,spam_group_298
FINAL NOTICE — transfer the fee to release the reward; to receive the reward.,spam,spam_group_298
SECURITY ALERT: open the secure portal now or your account will be suspended.,spam,spam_group_299
SECURITY ALERT! Please open the secure portal now or your account will be suspended.,spam,spam_group_299
SECURITY ALERT — open the secure portal now; or your account will be suspended.,spam,spam_group_299
"Please send the project report tomorrow, as discussed yesterday.",ham,normal_group_0
"Can you send my project report tomorrow and let me know, as discussed yesterday?",ham,normal_group_0
"We need to send the project report tomorrow; this is for a normal task, as discussed yesterday.",ham,normal_group_0
"Please check the college assignment for our college project, from our shared folder.",ham,normal_group_1
"Can you check my college assignment for our college project and let our coordinator know, from our shared folder?",ham,normal_group_1
"We need to check the college assignment for our college project; this is for a normal task, from our shared folder.",ham,normal_group_1
"Please bring the presentation for the presentation, for the next review.",ham,normal_group_2
"Can you bring my presentation for the presentation and let the project lead know, for the next review?",ham,normal_group_2
"We need to bring the presentation for the presentation; this is for a normal task, for the next review.",ham,normal_group_2
"Please prepare the lecture notes tomorrow, for the lab record.",ham,normal_group_3
"Can you prepare my lecture notes tomorrow and let my classmate know, for the lab record?",ham,normal_group_3
"We need to prepare the lecture notes tomorrow; this is for a normal task, for the lab record.",ham,normal_group_3
"Please read the team meeting for our college project, with the correct date.",ham,normal_group_4
"Can you read my team meeting for our college project and let the group know, with the correct date?",ham,normal_group_4
"We need to read the team meeting for our college project; this is for a normal task, with the correct date.",ham,normal_group_4
"Please organize the library visit for the presentation, for the scheduled session.",ham,normal_group_5
"Can you organize my library visit for the presentation and let the office know, for the scheduled session?",ham,normal_group_5
"We need to organize the library visit for the presentation; this is for a normal task, for the scheduled session.",ham,normal_group_5
"Please present the football match tomorrow, using the latest file.",ham,normal_group_6
"Can you present my football match tomorrow and let our teacher know, using the latest file?",ham,normal_group_6
"We need to present the football match tomorrow; this is for a normal task, using the latest file.",ham,normal_group_6
"Please review the lunch plan for our college project, with the updated figures.",ham,normal_group_7
"Can you review my lunch plan for our college project and let the team know, with the updated figures?",ham,normal_group_7
"We need to review the lunch plan for our college project; this is for a normal task, with the updated figures.",ham,normal_group_7
"Please update the dinner plan for the presentation, with the final draft.",ham,normal_group_8
"Can you update my dinner plan for the presentation and let me know, with the final draft?",ham,normal_group_8
"We need to update the dinner plan for the presentation; this is for a normal task, with the final draft.",ham,normal_group_8
"Please confirm the office document tomorrow, for our weekly plan.",ham,normal_group_9
"Can you confirm my office document tomorrow and let our coordinator know, for our weekly plan?",ham,normal_group_9
"We need to confirm the office document tomorrow; this is for a normal task, for our weekly plan.",ham,normal_group_9
"Please finish the invoice for our college project, after checking the notes.",ham,normal_group_10
"Can you finish my invoice for our college project and let the project lead know, after checking the notes?",ham,normal_group_10
"We need to finish the invoice for our college project; this is for a normal task, after checking the notes.",ham,normal_group_10
"Please forward the receipt for the presentation, as discussed yesterday.",ham,normal_group_11
"Can you forward my receipt for the presentation and let my classmate know, as discussed yesterday?",ham,normal_group_11
"We need to forward the receipt for the presentation; this is for a normal task, as discussed yesterday.",ham,normal_group_11
"Please download the parcel tomorrow, from our shared folder.",ham,normal_group_12
"Can you download my parcel tomorrow and let the group know, from our shared folder?",ham,normal_group_12
"We need to download the parcel tomorrow; this is for a normal task, from our shared folder.",ham,normal_group_12
"Please schedule the delivery schedule for our college project, for the next review.",ham,normal_group_13
"Can you schedule my delivery schedule for our college project and let the office know, for the next review?",ham,normal_group_13
"We need to schedule the delivery schedule for our college project; this is for a normal task, for the next review.",ham,normal_group_13
"Please share the event registration for the presentation, for the lab record.",ham,normal_group_14
"Can you share my event registration for the presentation and let our teacher know, for the lab record?",ham,normal_group_14
"We need to share the event registration for the presentation; this is for a normal task, for the lab record.",ham,normal_group_14
"Please print the class timetable tomorrow, with the correct date.",ham,normal_group_15
"Can you print my class timetable tomorrow and let the team know, with the correct date?",ham,normal_group_15
"We need to print the class timetable tomorrow; this is for a normal task, with the correct date.",ham,normal_group_15
"Please discuss the coding task for our college project, for the scheduled session.",ham,normal_group_16
"Can you discuss my coding task for our college project and let me know, for the scheduled session?",ham,normal_group_16
"We need to discuss the coding task for our college project; this is for a normal task, for the scheduled session.",ham,normal_group_16
"Please submit the database report for the presentation, using the latest file.",ham,normal_group_17
"Can you submit my database report for the presentation and let our coordinator know, using the latest file?",ham,normal_group_17
"We need to submit the database report for the presentation; this is for a normal task, using the latest file.",ham,normal_group_17
"Please compare the security lecture tomorrow, with the updated figures.",ham,normal_group_18
"Can you compare my security lecture tomorrow and let the project lead know, with the updated figures?",ham,normal_group_18
"We need to compare the security lecture tomorrow; this is for a normal task, with the updated figures.",ham,normal_group_18
"Please attach the lab exercise for our college project, with the final draft.",ham,normal_group_19
"Can you attach my lab exercise for our college project and let my classmate know, with the final draft?",ham,normal_group_19
"We need to attach the lab exercise for our college project; this is for a normal task, with the final draft.",ham,normal_group_19
"Please send the travel plan for the presentation, for our weekly plan.",ham,normal_group_20
"Can you send my travel plan for the presentation and let the group know, for our weekly plan?",ham,normal_group_20
"We need to send the travel plan for the presentation; this is for a normal task, for our weekly plan.",ham,normal_group_20
"Please check the family dinner tomorrow, after checking the notes.",ham,normal_group_21
"Can you check my family dinner tomorrow and let the office know, after checking the notes?",ham,normal_group_21
"We need to check the family dinner tomorrow; this is for a normal task, after checking the notes.",ham,normal_group_21
"Please bring the birthday plan for our college project, as discussed yesterday.",ham,normal_group_22
"Can you bring my birthday plan for our college project and let our teacher know, as discussed yesterday?",ham,normal_group_22
"We need to bring the birthday plan for our college project; this is for a normal task, as discussed yesterday.",ham,normal_group_22
"Please prepare the group project for the presentation, from our shared folder.",ham,normal_group_23
"Can you prepare my group project for the presentation and let the team know, from our shared folder?",ham,normal_group_23
"We need to prepare the group project for the presentation; this is for a normal task, from our shared folder.",ham,normal_group_23
"Please read the budget sheet tomorrow, for the next review.",ham,normal_group_24
"Can you read my budget sheet tomorrow and let me know, for the next review?",ham,normal_group_24
"We need to read the budget sheet tomorrow; this is for a normal task, for the next review.",ham,normal_group_24
"Please organize the attendance record for our college project, for the lab record.",ham,normal_group_25
"Can you organize my attendance record for our college project and let our coordinator know, for the lab record?",ham,normal_group_25
"We need to organize the attendance record for our college project; this is for a normal task, for the lab record.",ham,normal_group_25
"Please present the course registration for the presentation, with the correct date.",ham,normal_group_26
"Can you present my course registration for the presentation and let the project lead know, with the correct date?",ham,normal_group_26
"We need to present the course registration for the presentation; this is for a normal task, with the correct date.",ham,normal_group_26
"Please review the certificate collection tomorrow, for the scheduled session.",ham,normal_group_27
"Can you review my certificate collection tomorrow and let my classmate know, for the scheduled session?",ham,normal_group_27
"We need to review the certificate collection tomorrow; this is for a normal task, for the scheduled session.",ham,normal_group_27
"Please update the appointment for our college project, using the latest file.",ham,normal_group_28
"Can you update my appointment for our college project and let the group know, using the latest file?",ham,normal_group_28
"We need to update the appointment for our college project; this is for a normal task, using the latest file.",ham,normal_group_28
"Please confirm the study session for the presentation, with the updated figures.",ham,normal_group_29
"Can you confirm my study session for the presentation and let the office know, with the updated figures?",ham,normal_group_29
"We need to confirm the study session for the presentation; this is for a normal task, with the updated figures.",ham,normal_group_29
"Please finish the project report tomorrow, with the final draft.",ham,normal_group_30
"Can you finish my project report tomorrow and let our teacher know, with the final draft?",ham,normal_group_30
"We need to finish the project report tomorrow; this is for a normal task, with the final draft.",ham,normal_group_30
"Please forward the college assignment for our college project, for our weekly plan.",ham,normal_group_31
"Can you forward my college assignment for our college project and let the team know, for our weekly plan?",ham,normal_group_31
"We need to forward the college assignment for our college project; this is for a normal task, for our weekly plan.",ham,normal_group_31
"Please download the presentation for the presentation, after checking the notes.",ham,normal_group_32
"Can you download my presentation for the presentation and let me know, after checking the notes?",ham,normal_group_32
"We need to download the presentation for the presentation; this is for a normal task, after checking the notes.",ham,normal_group_32
"Please schedule the lecture notes tomorrow, as discussed yesterday.",ham,normal_group_33
"Can you schedule my lecture notes tomorrow and let our coordinator know, as discussed yesterday?",ham,normal_group_33
"We need to schedule the lecture notes tomorrow; this is for a normal task, as discussed yesterday.",ham,normal_group_33
"Please share the team meeting for our college project, from our shared folder.",ham,normal_group_34
"Can you share my team meeting for our college project and let the project lead know, from our shared folder?",ham,normal_group_34
"We need to share the team meeting for our college project; this is for a normal task, from our shared folder.",ham,normal_group_34
"Please print the library visit for the presentation, for the next review.",ham,normal_group_35
"Can you print my library visit for the presentation and let my classmate know, for the next review?",ham,normal_group_35
"We need to print the library visit for the presentation; this is for a normal task, for the next review.",ham,normal_group_35
"Please discuss the football match tomorrow, for the lab record.",ham,normal_group_36
"Can you discuss my football match tomorrow and let the group know, for the lab record?",ham,normal_group_36
"We need to discuss the football match tomorrow; this is for a normal task, for the lab record.",ham,normal_group_36
"Please submit the lunch plan for our college project, with the correct date.",ham,normal_group_37
"Can you submit my lunch plan for our college project and let the office know, with the correct date?",ham,normal_group_37
"We need to submit the lunch plan for our college project; this is for a normal task, with the correct date.",ham,normal_group_37
"Please compare the dinner plan for the presentation, for the scheduled session.",ham,normal_group_38
"Can you compare my dinner plan for the presentation and let our teacher know, for the scheduled session?",ham,normal_group_38
"We need to compare the dinner plan for the presentation; this is for a normal task, for the scheduled session.",ham,normal_group_38
"Please attach the office document tomorrow, using the latest file.",ham,normal_group_39
"Can you attach my office document tomorrow and let the team know, using the latest file?",ham,normal_group_39
"We need to attach the office document tomorrow; this is for a normal task, using the latest file.",ham,normal_group_39
"Please send the invoice for our college project, with the updated figures.",ham,normal_group_40
"Can you send my invoice for our college project and let me know, with the updated figures?",ham,normal_group_40
"We need to send the invoice for our college project; this is for a normal task, with the updated figures.",ham,normal_group_40
"Please check the receipt for the presentation, with the final draft.",ham,normal_group_41
"Can you check my receipt for the presentation and let our coordinator know, with the final draft?",ham,normal_group_41
"We need to check the receipt for the presentation; this is for a normal task, with the final draft.",ham,normal_group_41
"Please bring the parcel tomorrow, for our weekly plan.",ham,normal_group_42
"Can you bring my parcel tomorrow and let the project lead know, for our weekly plan?",ham,normal_group_42
"We need to bring the parcel tomorrow; this is for a normal task, for our weekly plan.",ham,normal_group_42
"Please prepare the delivery schedule for our college project, after checking the notes.",ham,normal_group_43
"Can you prepare my delivery schedule for our college project and let my classmate know, after checking the notes?",ham,normal_group_43
"We need to prepare the delivery schedule for our college project; this is for a normal task, after checking the notes.",ham,normal_group_43
"Please read the event registration for the presentation, as discussed yesterday.",ham,normal_group_44
"Can you read my event registration for the presentation and let the group know, as discussed yesterday?",ham,normal_group_44
"We need to read the event registration for the presentation; this is for a normal task, as discussed yesterday.",ham,normal_group_44
"Please organize the class timetable tomorrow, from our shared folder.",ham,normal_group_45
"Can you organize my class timetable tomorrow and let the office know, from our shared folder?",ham,normal_group_45
"We need to organize the class timetable tomorrow; this is for a normal task, from our shared folder.",ham,normal_group_45
"Please present the coding task for our college project, for the next review.",ham,normal_group_46
"Can you present my coding task for our college project and let our teacher know, for the next review?",ham,normal_group_46
"We need to present the coding task for our college project; this is for a normal task, for the next review.",ham,normal_group_46
"Please review the database report for the presentation, for the lab record.",ham,normal_group_47
"Can you review my database report for the presentation and let the team know, for the lab record?",ham,normal_group_47
"We need to review the database report for the presentation; this is for a normal task, for the lab record.",ham,normal_group_47
"Please update the security lecture tomorrow, with the correct date.",ham,normal_group_48
"Can you update my security lecture tomorrow and let me know, with the correct date?",ham,normal_group_48
"We need to update the security lecture tomorrow; this is for a normal task, with the correct date.",ham,normal_group_48
"Please confirm the lab exercise for our college project, for the scheduled session.",ham,normal_group_49
"Can you confirm my lab exercise for our college project and let our coordinator know, for the scheduled session?",ham,normal_group_49
"We need to confirm the lab exercise for our college project; this is for a normal task, for the scheduled session.",ham,normal_group_49
"Please finish the travel plan for the presentation, using the latest file.",ham,normal_group_50
"Can you finish my travel plan for the presentation and let the project lead know, using the latest file?",ham,normal_group_50
"We need to finish the travel plan for the presentation; this is for a normal task, using the latest file.",ham,normal_group_50
"Please forward the family dinner tomorrow, with the updated figures.",ham,normal_group_51
"Can you forward my family dinner tomorrow and let my classmate know, with the updated figures?",ham,normal_group_51
"We need to forward the family dinner tomorrow; this is for a normal task, with the updated figures.",ham,normal_group_51
"Please download the birthday plan for our college project, with the final draft.",ham,normal_group_52
"Can you download my birthday plan for our college project and let the group know, with the final draft?",ham,normal_group_52
"We need to download the birthday plan for our college project; this is for a normal task, with the final draft.",ham,normal_group_52
"Please schedule the group project for the presentation, for our weekly plan.",ham,normal_group_53
"Can you schedule my group project for the presentation and let the office know, for our weekly plan?",ham,normal_group_53
"We need to schedule the group project for the presentation; this is for a normal task, for our weekly plan.",ham,normal_group_53
"Please share the budget sheet tomorrow, after checking the notes.",ham,normal_group_54
"Can you share my budget sheet tomorrow and let our teacher know, after checking the notes?",ham,normal_group_54
"We need to share the budget sheet tomorrow; this is for a normal task, after checking the notes.",ham,normal_group_54
"Please print the attendance record for our college project, as discussed yesterday.",ham,normal_group_55
"Can you print my attendance record for our college project and let the team know, as discussed yesterday?",ham,normal_group_55
"We need to print the attendance record for our college project; this is for a normal task, as discussed yesterday.",ham,normal_group_55
"Please discuss the course registration for the presentation, from our shared folder.",ham,normal_group_56
"Can you discuss my course registration for the presentation and let me know, from our shared folder?",ham,normal_group_56
"We need to discuss the course registration for the presentation; this is for a normal task, from our shared folder.",ham,normal_group_56
"Please submit the certificate collection tomorrow, for the next review.",ham,normal_group_57
"Can you submit my certificate collection tomorrow and let our coordinator know, for the next review?",ham,normal_group_57
"We need to submit the certificate collection tomorrow; this is for a normal task, for the next review.",ham,normal_group_57
"Please compare the appointment for our college project, for the lab record.",ham,normal_group_58
"Can you compare my appointment for our college project and let the project lead know, for the lab record?",ham,normal_group_58
"We need to compare the appointment for our college project; this is for a normal task, for the lab record.",ham,normal_group_58
"Please attach the study session for the presentation, with the correct date.",ham,normal_group_59
"Can you attach my study session for the presentation and let my classmate know, with the correct date?",ham,normal_group_59
"We need to attach the study session for the presentation; this is for a normal task, with the correct date.",ham,normal_group_59
"Please send the project report tomorrow, for the scheduled session.",ham,normal_group_60
"Can you send my project report tomorrow and let the group know, for the scheduled session?",ham,normal_group_60
"We need to send the project report tomorrow; this is for a normal task, for the scheduled session.",ham,normal_group_60
"Please check the college assignment for our college project, using the latest file.",ham,normal_group_61
"Can you check my college assignment for our college project and let the office know, using the latest file?",ham,normal_group_61
"We need to check the college assignment for our college project; this is for a normal task, using the latest file.",ham,normal_group_61
"Please bring the presentation for the presentation, with the updated figures.",ham,normal_group_62
"Can you bring my presentation for the presentation and let our teacher know, with the updated figures?",ham,normal_group_62
"We need to bring the presentation for the presentation; this is for a normal task, with the updated figures.",ham,normal_group_62
"Please prepare the lecture notes tomorrow, with the final draft.",ham,normal_group_63
"Can you prepare my lecture notes tomorrow and let the team know, with the final draft?",ham,normal_group_63
"We need to prepare the lecture notes tomorrow; this is for a normal task, with the final draft.",ham,normal_group_63
"Please read the team meeting for our college project, for our weekly plan.",ham,normal_group_64
"Can you read my team meeting for our college project and let me know, for our weekly plan?",ham,normal_group_64
"We need to read the team meeting for our college project; this is for a normal task, for our weekly plan.",ham,normal_group_64
"Please organize the library visit for the presentation, after checking the notes.",ham,normal_group_65
"Can you organize my library visit for the presentation and let our coordinator know, after checking the notes?",ham,normal_group_65
"We need to organize the library visit for the presentation; this is for a normal task, after checking the notes.",ham,normal_group_65
"Please present the football match tomorrow, as discussed yesterday.",ham,normal_group_66
"Can you present my football match tomorrow and let the project lead know, as discussed yesterday?",ham,normal_group_66
"We need to present the football match tomorrow; this is for a normal task, as discussed yesterday.",ham,normal_group_66
"Please review the lunch plan for our college project, from our shared folder.",ham,normal_group_67
"Can you review my lunch plan for our college project and let my classmate know, from our shared folder?",ham,normal_group_67
"We need to review the lunch plan for our college project; this is for a normal task, from our shared folder.",ham,normal_group_67
"Please update the dinner plan for the presentation, for the next review.",ham,normal_group_68
"Can you update my dinner plan for the presentation and let the group know, for the next review?",ham,normal_group_68
"We need to update the dinner plan for the presentation; this is for a normal task, for the next review.",ham,normal_group_68
"Please confirm the office document tomorrow, for the lab record.",ham,normal_group_69
"Can you confirm my office document tomorrow and let the office know, for the lab record?",ham,normal_group_69
"We need to confirm the office document tomorrow; this is for a normal task, for the lab record.",ham,normal_group_69
"Please finish the invoice for our college project, with the correct date.",ham,normal_group_70
"Can you finish my invoice for our college project and let our teacher know, with the correct date?",ham,normal_group_70
"We need to finish the invoice for our college project; this is for a normal task, with the correct date.",ham,normal_group_70
"Please forward the receipt for the presentation, for the scheduled session.",ham,normal_group_71
"Can you forward my receipt for the presentation and let the team know, for the scheduled session?",ham,normal_group_71
"We need to forward the receipt for the presentation; this is for a normal task, for the scheduled session.",ham,normal_group_71
"Please download the parcel tomorrow, using the latest file.",ham,normal_group_72
"Can you download my parcel tomorrow and let me know, using the latest file?",ham,normal_group_72
"We need to download the parcel tomorrow; this is for a normal task, using the latest file.",ham,normal_group_72
"Please schedule the delivery schedule for our college project, with the updated figures.",ham,normal_group_73
"Can you schedule my delivery schedule for our college project and let our coordinator know, with the updated figures?",ham,normal_group_73
"We need to schedule the delivery schedule for our college project; this is for a normal task, with the updated figures.",ham,normal_group_73
"Please share the event registration for the presentation, with the final draft.",ham,normal_group_74
"Can you share my event registration for the presentation and let the project lead know, with the final draft?",ham,normal_group_74
"We need to share the event registration for the presentation; this is for a normal task, with the final draft.",ham,normal_group_74
"Please print the class timetable tomorrow, for our weekly plan.",ham,normal_group_75
"Can you print my class timetable tomorrow and let my classmate know, for our weekly plan?",ham,normal_group_75
"We need to print the class timetable tomorrow; this is for a normal task, for our weekly plan.",ham,normal_group_75
"Please discuss the coding task for our college project, after checking the notes.",ham,normal_group_76
"Can you discuss my coding task for our college project and let the group know, after checking the notes?",ham,normal_group_76
"We need to discuss the coding task for our college project; this is for a normal task, after checking the notes.",ham,normal_group_76
"Please submit the database report for the presentation, as discussed yesterday.",ham,normal_group_77
"Can you submit my database report for the presentation and let the office know, as discussed yesterday?",ham,normal_group_77
"We need to submit the database report for the presentation; this is for a normal task, as discussed yesterday.",ham,normal_group_77
"Please compare the security lecture tomorrow, from our shared folder.",ham,normal_group_78
"Can you compare my security lecture tomorrow and let our teacher know, from our shared folder?",ham,normal_group_78
"We need to compare the security lecture tomorrow; this is for a normal task, from our shared folder.",ham,normal_group_78
"Please attach the lab exercise for our college project, for the next review.",ham,normal_group_79
"Can you attach my lab exercise for our college project and let the team know, for the next review?",ham,normal_group_79
"We need to attach the lab exercise for our college project; this is for a normal task, for the next review.",ham,normal_group_79
"Please send the travel plan for the presentation, for the lab record.",ham,normal_group_80
"Can you send my travel plan for the presentation and let me know, for the lab record?",ham,normal_group_80
"We need to send the travel plan for the presentation; this is for a normal task, for the lab record.",ham,normal_group_80
"Please check the family dinner tomorrow, with the correct date.",ham,normal_group_81
"Can you check my family dinner tomorrow and let our coordinator know, with the correct date?",ham,normal_group_81
"We need to check the family dinner tomorrow; this is for a normal task, with the correct date.",ham,normal_group_81
"Please bring the birthday plan for our college project, for the scheduled session.",ham,normal_group_82
"Can you bring my birthday plan for our college project and let the project lead know, for the scheduled session?",ham,normal_group_82
"We need to bring the birthday plan for our college project; this is for a normal task, for the scheduled session.",ham,normal_group_82
"Please prepare the group project for the presentation, using the latest file.",ham,normal_group_83
"Can you prepare my group project for the presentation and let my classmate know, using the latest file?",ham,normal_group_83
"We need to prepare the group project for the presentation; this is for a normal task, using the latest file.",ham,normal_group_83
"Please read the budget sheet tomorrow, with the updated figures.",ham,normal_group_84
"Can you read my budget sheet tomorrow and let the group know, with the updated figures?",ham,normal_group_84
"We need to read the budget sheet tomorrow; this is for a normal task, with the updated figures.",ham,normal_group_84
"Please organize the attendance record for our college project, with the final draft.",ham,normal_group_85
"Can you organize my attendance record for our college project and let the office know, with the final draft?",ham,normal_group_85
"We need to organize the attendance record for our college project; this is for a normal task, with the final draft.",ham,normal_group_85
"Please present the course registration for the presentation, for our weekly plan.",ham,normal_group_86
"Can you present my course registration for the presentation and let our teacher know, for our weekly plan?",ham,normal_group_86
"We need to present the course registration for the presentation; this is for a normal task, for our weekly plan.",ham,normal_group_86
"Please review the certificate collection tomorrow, after checking the notes.",ham,normal_group_87
"Can you review my certificate collection tomorrow and let the team know, after checking the notes?",ham,normal_group_87
"We need to review the certificate collection tomorrow; this is for a normal task, after checking the notes.",ham,normal_group_87
"Please update the appointment for our college project, as discussed yesterday.",ham,normal_group_88
"Can you update my appointment for our college project and let me know, as discussed yesterday?",ham,normal_group_88
"We need to update the appointment for our college project; this is for a normal task, as discussed yesterday.",ham,normal_group_88
"Please confirm the study session for the presentation, from our shared folder.",ham,normal_group_89
"Can you confirm my study session for the presentation and let our coordinator know, from our shared folder?",ham,normal_group_89
"We need to confirm the study session for the presentation; this is for a normal task, from our shared folder.",ham,normal_group_89
"Please finish the project report tomorrow, for the next review.",ham,normal_group_90
"Can you finish my project report tomorrow and let the project lead know, for the next review?",ham,normal_group_90
"We need to finish the project report tomorrow; this is for a normal task, for the next review.",ham,normal_group_90
"Please forward the college assignment for our college project, for the lab record.",ham,normal_group_91
"Can you forward my college assignment for our college project and let my classmate know, for the lab record?",ham,normal_group_91
"We need to forward the college assignment for our college project; this is for a normal task, for the lab record.",ham,normal_group_91
"Please download the presentation for the presentation, with the correct date.",ham,normal_group_92
"Can you download my presentation for the presentation and let the group know, with the correct date?",ham,normal_group_92
"We need to download the presentation for the presentation; this is for a normal task, with the correct date.",ham,normal_group_92
"Please schedule the lecture notes tomorrow, for the scheduled session.",ham,normal_group_93
"Can you schedule my lecture notes tomorrow and let the office know, for the scheduled session?",ham,normal_group_93
"We need to schedule the lecture notes tomorrow; this is for a normal task, for the scheduled session.",ham,normal_group_93
"Please share the team meeting for our college project, using the latest file.",ham,normal_group_94
"Can you share my team meeting for our college project and let our teacher know, using the latest file?",ham,normal_group_94
"We need to share the team meeting for our college project; this is for a normal task, using the latest file.",ham,normal_group_94
"Please print the library visit for the presentation, with the updated figures.",ham,normal_group_95
"Can you print my library visit for the presentation and let the team know, with the updated figures?",ham,normal_group_95
"We need to print the library visit for the presentation; this is for a normal task, with the updated figures.",ham,normal_group_95
"Please discuss the football match tomorrow, with the final draft.",ham,normal_group_96
"Can you discuss my football match tomorrow and let me know, with the final draft?",ham,normal_group_96
"We need to discuss the football match tomorrow; this is for a normal task, with the final draft.",ham,normal_group_96
"Please submit the lunch plan for our college project, for our weekly plan.",ham,normal_group_97
"Can you submit my lunch plan for our college project and let our coordinator know, for our weekly plan?",ham,normal_group_97
"We need to submit the lunch plan for our college project; this is for a normal task, for our weekly plan.",ham,normal_group_97
"Please compare the dinner plan for the presentation, after checking the notes.",ham,normal_group_98
"Can you compare my dinner plan for the presentation and let the project lead know, after checking the notes?",ham,normal_group_98
"We need to compare the dinner plan for the presentation; this is for a normal task, after checking the notes.",ham,normal_group_98
"Please attach the office document tomorrow, as discussed yesterday.",ham,normal_group_99
"Can you attach my office document tomorrow and let my classmate know, as discussed yesterday?",ham,normal_group_99
"We need to attach the office document tomorrow; this is for a normal task, as discussed yesterday.",ham,normal_group_99
"Please send the invoice for our college project, from our shared folder.",ham,normal_group_100
"Can you send my invoice for our college project and let the group know, from our shared folder?",ham,normal_group_100
"We need to send the invoice for our college project; this is for a normal task, from our shared folder.",ham,normal_group_100
"Please check the receipt for the presentation, for the next review.",ham,normal_group_101
"Can you check my receipt for the presentation and let the office know, for the next review?",ham,normal_group_101
"We need to check the receipt for the presentation; this is for a normal task, for the next review.",ham,normal_group_101
"Please bring the parcel tomorrow, for the lab record.",ham,normal_group_102
"Can you bring my parcel tomorrow and let our teacher know, for the lab record?",ham,normal_group_102
"We need to bring the parcel tomorrow; this is for a normal task, for the lab record.",ham,normal_group_102
"Please prepare the delivery schedule for our college project, with the correct date.",ham,normal_group_103
"Can you prepare my delivery schedule for our college project and let the team know, with the correct date?",ham,normal_group_103
"We need to prepare the delivery schedule for our college project; this is for a normal task, with the correct date.",ham,normal_group_103
"Please read the event registration for the presentation, for the scheduled session.",ham,normal_group_104
"Can you read my event registration for the presentation and let me know, for the scheduled session?",ham,normal_group_104
"We need to read the event registration for the presentation; this is for a normal task, for the scheduled session.",ham,normal_group_104
"Please organize the class timetable tomorrow, using the latest file.",ham,normal_group_105
"Can you organize my class timetable tomorrow and let our coordinator know, using the latest file?",ham,normal_group_105
"We need to organize the class timetable tomorrow; this is for a normal task, using the latest file.",ham,normal_group_105
"Please present the coding task for our college project, with the updated figures.",ham,normal_group_106
"Can you present my coding task for our college project and let the project lead know, with the updated figures?",ham,normal_group_106
"We need to present the coding task for our college project; this is for a normal task, with the updated figures.",ham,normal_group_106
"Please review the database report for the presentation, with the final draft.",ham,normal_group_107
"Can you review my database report for the presentation and let my classmate know, with the final draft?",ham,normal_group_107
"We need to review the database report for the presentation; this is for a normal task, with the final draft.",ham,normal_group_107
"Please update the security lecture tomorrow, for our weekly plan.",ham,normal_group_108
"Can you update my security lecture tomorrow and let the group know, for our weekly plan?",ham,normal_group_108
"We need to update the security lecture tomorrow; this is for a normal task, for our weekly plan.",ham,normal_group_108
"Please confirm the lab exercise for our college project, after checking the notes.",ham,normal_group_109
"Can you confirm my lab exercise for our college project and let the office know, after checking the notes?",ham,normal_group_109
"We need to confirm the lab exercise for our college project; this is for a normal task, after checking the notes.",ham,normal_group_109
"Please finish the travel plan for the presentation, as discussed yesterday.",ham,normal_group_110
"Can you finish my travel plan for the presentation and let our teacher know, as discussed yesterday?",ham,normal_group_110
"We need to finish the travel plan for the presentation; this is for a normal task, as discussed yesterday.",ham,normal_group_110
"Please forward the family dinner tomorrow, from our shared folder.",ham,normal_group_111
"Can you forward my family dinner tomorrow and let the team know, from our shared folder?",ham,normal_group_111
"We need to forward the family dinner tomorrow; this is for a normal task, from our shared folder.",ham,normal_group_111
"Please download the birthday plan for our college project, for the next review.",ham,normal_group_112
"Can you download my birthday plan for our college project and let me know, for the next review?",ham,normal_group_112
"We need to download the birthday plan for our college project; this is for a normal task, for the next review.",ham,normal_group_112
"Please schedule the group project for the presentation, for the lab record.",ham,normal_group_113
"Can you schedule my group project for the presentation and let our coordinator know, for the lab record?",ham,normal_group_113
"We need to schedule the group project for the presentation; this is for a normal task, for the lab record.",ham,normal_group_113
"Please share the budget sheet tomorrow, with the correct date.",ham,normal_group_114
"Can you share my budget sheet tomorrow and let the project lead know, with the correct date?",ham,normal_group_114
"We need to share the budget sheet tomorrow; this is for a normal task, with the correct date.",ham,normal_group_114
"Please print the attendance record for our college project, for the scheduled session.",ham,normal_group_115
"Can you print my attendance record for our college project and let my classmate know, for the scheduled session?",ham,normal_group_115
"We need to print the attendance record for our college project; this is for a normal task, for the scheduled session.",ham,normal_group_115
"Please discuss the course registration for the presentation, using the latest file.",ham,normal_group_116
"Can you discuss my course registration for the presentation and let the group know, using the latest file?",ham,normal_group_116
"We need to discuss the course registration for the presentation; this is for a normal task, using the latest file.",ham,normal_group_116
"Please submit the certificate collection tomorrow, with the updated figures.",ham,normal_group_117
"Can you submit my certificate collection tomorrow and let the office know, with the updated figures?",ham,normal_group_117
"We need to submit the certificate collection tomorrow; this is for a normal task, with the updated figures.",ham,normal_group_117
"Please compare the appointment for our college project, with the final draft.",ham,normal_group_118
"Can you compare my appointment for our college project and let our teacher know, with the final draft?",ham,normal_group_118
"We need to compare the appointment for our college project; this is for a normal task, with the final draft.",ham,normal_group_118
"Please attach the study session for the presentation, for our weekly plan.",ham,normal_group_119
"Can you attach my study session for the presentation and let the team know, for our weekly plan?",ham,normal_group_119
"We need to attach the study session for the presentation; this is for a normal task, for our weekly plan.",ham,normal_group_119
"Please send the project report tomorrow, after checking the notes.",ham,normal_group_120
"Can you send my project report tomorrow and let me know, after checking the notes?",ham,normal_group_120
"We need to send the project report tomorrow; this is for a normal task, after checking the notes.",ham,normal_group_120
"Please check the college assignment for our college project, as discussed yesterday.",ham,normal_group_121
"Can you check my college assignment for our college project and let our coordinator know, as discussed yesterday?",ham,normal_group_121
"We need to check the college assignment for our college project; this is for a normal task, as discussed yesterday.",ham,normal_group_121
"Please bring the presentation for the presentation, from our shared folder.",ham,normal_group_122
"Can you bring my presentation for the presentation and let the project lead know, from our shared folder?",ham,normal_group_122
"We need to bring the presentation for the presentation; this is for a normal task, from our shared folder.",ham,normal_group_122
"Please prepare the lecture notes tomorrow, for the next review.",ham,normal_group_123
"Can you prepare my lecture notes tomorrow and let my classmate know, for the next review?",ham,normal_group_123
"We need to prepare the lecture notes tomorrow; this is for a normal task, for the next review.",ham,normal_group_123
"Please read the team meeting for our college project, for the lab record.",ham,normal_group_124
"Can you read my team meeting for our college project and let the group know, for the lab record?",ham,normal_group_124
"We need to read the team meeting for our college project; this is for a normal task, for the lab record.",ham,normal_group_124
"Please organize the library visit for the presentation, with the correct date.",ham,normal_group_125
"Can you organize my library visit for the presentation and let the office know, with the correct date?",ham,normal_group_125
"We need to organize the library visit for the presentation; this is for a normal task, with the correct date.",ham,normal_group_125
"Please present the football match tomorrow, for the scheduled session.",ham,normal_group_126
"Can you present my football match tomorrow and let our teacher know, for the scheduled session?",ham,normal_group_126
"We need to present the football match tomorrow; this is for a normal task, for the scheduled session.",ham,normal_group_126
"Please review the lunch plan for our college project, using the latest file.",ham,normal_group_127
"Can you review my lunch plan for our college project and let the team know, using the latest file?",ham,normal_group_127
"We need to review the lunch plan for our college project; this is for a normal task, using the latest file.",ham,normal_group_127
"Please update the dinner plan for the presentation, with the updated figures.",ham,normal_group_128
"Can you update my dinner plan for the presentation and let me know, with the updated figures?",ham,normal_group_128
"We need to update the dinner plan for the presentation; this is for a normal task, with the updated figures.",ham,normal_group_128
"Please confirm the office document tomorrow, with the final draft.",ham,normal_group_129
"Can you confirm my office document tomorrow and let our coordinator know, with the final draft?",ham,normal_group_129
"We need to confirm the office document tomorrow; this is for a normal task, with the final draft.",ham,normal_group_129
"Please finish the invoice for our college project, for our weekly plan.",ham,normal_group_130
"Can you finish my invoice for our college project and let the project lead know, for our weekly plan?",ham,normal_group_130
"We need to finish the invoice for our college project; this is for a normal task, for our weekly plan.",ham,normal_group_130
"Please forward the receipt for the presentation, after checking the notes.",ham,normal_group_131
"Can you forward my receipt for the presentation and let my classmate know, after checking the notes?",ham,normal_group_131
"We need to forward the receipt for the presentation; this is for a normal task, after checking the notes.",ham,normal_group_131
"Please download the parcel tomorrow, as discussed yesterday.",ham,normal_group_132
"Can you download my parcel tomorrow and let the group know, as discussed yesterday?",ham,normal_group_132
"We need to download the parcel tomorrow; this is for a normal task, as discussed yesterday.",ham,normal_group_132
"Please schedule the delivery schedule for our college project, from our shared folder.",ham,normal_group_133
"Can you schedule my delivery schedule for our college project and let the office know, from our shared folder?",ham,normal_group_133
"We need to schedule the delivery schedule for our college project; this is for a normal task, from our shared folder.",ham,normal_group_133
"Please share the event registration for the presentation, for the next review.",ham,normal_group_134
"Can you share my event registration for the presentation and let our teacher know, for the next review?",ham,normal_group_134
"We need to share the event registration for the presentation; this is for a normal task, for the next review.",ham,normal_group_134
"Please print the class timetable tomorrow, for the lab record.",ham,normal_group_135
"Can you print my class timetable tomorrow and let the team know, for the lab record?",ham,normal_group_135
"We need to print the class timetable tomorrow; this is for a normal task, for the lab record.",ham,normal_group_135
"Please discuss the coding task for our college project, with the correct date.",ham,normal_group_136
"Can you discuss my coding task for our college project and let me know, with the correct date?",ham,normal_group_136
"We need to discuss the coding task for our college project; this is for a normal task, with the correct date.",ham,normal_group_136
"Please submit the database report for the presentation, for the scheduled session.",ham,normal_group_137
"Can you submit my database report for the presentation and let our coordinator know, for the scheduled session?",ham,normal_group_137
"We need to submit the database report for the presentation; this is for a normal task, for the scheduled session.",ham,normal_group_137
"Please compare the security lecture tomorrow, using the latest file.",ham,normal_group_138
"Can you compare my security lecture tomorrow and let the project lead know, using the latest file?",ham,normal_group_138
"We need to compare the security lecture tomorrow; this is for a normal task, using the latest file.",ham,normal_group_138
"Please attach the lab exercise for our college project, with the updated figures.",ham,normal_group_139
"Can you attach my lab exercise for our college project and let my classmate know, with the updated figures?",ham,normal_group_139
"We need to attach the lab exercise for our college project; this is for a normal task, with the updated figures.",ham,normal_group_139
"Please send the travel plan for the presentation, with the final draft.",ham,normal_group_140
"Can you send my travel plan for the presentation and let the group know, with the final draft?",ham,normal_group_140
"We need to send the travel plan for the presentation; this is for a normal task, with the final draft.",ham,normal_group_140
"Please check the family dinner tomorrow, for our weekly plan.",ham,normal_group_141
"Can you check my family dinner tomorrow and let the office know, for our weekly plan?",ham,normal_group_141
"We need to check the family dinner tomorrow; this is for a normal task, for our weekly plan.",ham,normal_group_141
"Please bring the birthday plan for our college project, after checking the notes.",ham,normal_group_142
"Can you bring my birthday plan for our college project and let our teacher know, after checking the notes?",ham,normal_group_142
"We need to bring the birthday plan for our college project; this is for a normal task, after checking the notes.",ham,normal_group_142
"Please prepare the group project for the presentation, as discussed yesterday.",ham,normal_group_143
"Can you prepare my group project for the presentation and let the team know, as discussed yesterday?",ham,normal_group_143
"We need to prepare the group project for the presentation; this is for a normal task, as discussed yesterday.",ham,normal_group_143
"Please read the budget sheet tomorrow, from our shared folder.",ham,normal_group_144
"Can you read my budget sheet tomorrow and let me know, from our shared folder?",ham,normal_group_144
"We need to read the budget sheet tomorrow; this is for a normal task, from our shared folder.",ham,normal_group_144
"Please organize the attendance record for our college project, for the next review.",ham,normal_group_145
"Can you organize my attendance record for our college project and let our coordinator know, for the next review?",ham,normal_group_145
"We need to organize the attendance record for our college project; this is for a normal task, for the next review.",ham,normal_group_145
"Please present the course registration for the presentation, for the lab record.",ham,normal_group_146
"Can you present my course registration for the presentation and let the project lead know, for the lab record?",ham,normal_group_146
"We need to present the course registration for the presentation; this is for a normal task, for the lab record.",ham,normal_group_146
"Please review the certificate collection tomorrow, with the correct date.",ham,normal_group_147
"Can you review my certificate collection tomorrow and let my classmate know, with the correct date?",ham,normal_group_147
"We need to review the certificate collection tomorrow; this is for a normal task, with the correct date.",ham,normal_group_147
"Please update the appointment for our college project, for the scheduled session.",ham,normal_group_148
"Can you update my appointment for our college project and let the group know, for the scheduled session?",ham,normal_group_148
"We need to update the appointment for our college project; this is for a normal task, for the scheduled session.",ham,normal_group_148
"Please confirm the study session for the presentation, using the latest file.",ham,normal_group_149
"Can you confirm my study session for the presentation and let the office know, using the latest file?",ham,normal_group_149
"We need to confirm the study session for the presentation; this is for a normal task, using the latest file.",ham,normal_group_149
"Please finish the project report tomorrow, with the updated figures.",ham,normal_group_150
"Can you finish my project report tomorrow and let our teacher know, with the updated figures?",ham,normal_group_150
"We need to finish the project report tomorrow; this is for a normal task, with the updated figures.",ham,normal_group_150
"Please forward the college assignment for our college project, with the final draft.",ham,normal_group_151
"Can you forward my college assignment for our college project and let the team know, with the final draft?",ham,normal_group_151
"We need to forward the college assignment for our college project; this is for a normal task, with the final draft.",ham,normal_group_151
"Please download the presentation for the presentation, for our weekly plan.",ham,normal_group_152
"Can you download my presentation for the presentation and let me know, for our weekly plan?",ham,normal_group_152
"We need to download the presentation for the presentation; this is for a normal task, for our weekly plan.",ham,normal_group_152
"Please schedule the lecture notes tomorrow, after checking the notes.",ham,normal_group_153
"Can you schedule my lecture notes tomorrow and let our coordinator know, after checking the notes?",ham,normal_group_153
"We need to schedule the lecture notes tomorrow; this is for a normal task, after checking the notes.",ham,normal_group_153
"Please share the team meeting for our college project, as discussed yesterday.",ham,normal_group_154
"Can you share my team meeting for our college project and let the project lead know, as discussed yesterday?",ham,normal_group_154
"We need to share the team meeting for our college project; this is for a normal task, as discussed yesterday.",ham,normal_group_154
"Please print the library visit for the presentation, from our shared folder.",ham,normal_group_155
"Can you print my library visit for the presentation and let my classmate know, from our shared folder?",ham,normal_group_155
"We need to print the library visit for the presentation; this is for a normal task, from our shared folder.",ham,normal_group_155
"Please discuss the football match tomorrow, for the next review.",ham,normal_group_156
"Can you discuss my football match tomorrow and let the group know, for the next review?",ham,normal_group_156
"We need to discuss the football match tomorrow; this is for a normal task, for the next review.",ham,normal_group_156
"Please submit the lunch plan for our college project, for the lab record.",ham,normal_group_157
"Can you submit my lunch plan for our college project and let the office know, for the lab record?",ham,normal_group_157
"We need to submit the lunch plan for our college project; this is for a normal task, for the lab record.",ham,normal_group_157
"Please compare the dinner plan for the presentation, with the correct date.",ham,normal_group_158
"Can you compare my dinner plan for the presentation and let our teacher know, with the correct date?",ham,normal_group_158
"We need to compare the dinner plan for the presentation; this is for a normal task, with the correct date.",ham,normal_group_158
"Please attach the office document tomorrow, for the scheduled session.",ham,normal_group_159
"Can you attach my office document tomorrow and let the team know, for the scheduled session?",ham,normal_group_159
"We need to attach the office document tomorrow; this is for a normal task, for the scheduled session.",ham,normal_group_159
"Please send the invoice for our college project, using the latest file.",ham,normal_group_160
"Can you send my invoice for our college project and let me know, using the latest file?",ham,normal_group_160
"We need to send the invoice for our college project; this is for a normal task, using the latest file.",ham,normal_group_160
"Please check the receipt for the presentation, with the updated figures.",ham,normal_group_161
"Can you check my receipt for the presentation and let our coordinator know, with the updated figures?",ham,normal_group_161
"We need to check the receipt for the presentation; this is for a normal task, with the updated figures.",ham,normal_group_161
"Please bring the parcel tomorrow, with the final draft.",ham,normal_group_162
"Can you bring my parcel tomorrow and let the project lead know, with the final draft?",ham,normal_group_162
"We need to bring the parcel tomorrow; this is for a normal task, with the final draft.",ham,normal_group_162
"Please prepare the delivery schedule for our college project, for our weekly plan.",ham,normal_group_163
"Can you prepare my delivery schedule for our college project and let my classmate know, for our weekly plan?",ham,normal_group_163
"We need to prepare the delivery schedule for our college project; this is for a normal task, for our weekly plan.",ham,normal_group_163
"Please read the event registration for the presentation, after checking the notes.",ham,normal_group_164
"Can you read my event registration for the presentation and let the group know, after checking the notes?",ham,normal_group_164
"We need to read the event registration for the presentation; this is for a normal task, after checking the notes.",ham,normal_group_164
"Please organize the class timetable tomorrow, as discussed yesterday.",ham,normal_group_165
"Can you organize my class timetable tomorrow and let the office know, as discussed yesterday?",ham,normal_group_165
"We need to organize the class timetable tomorrow; this is for a normal task, as discussed yesterday.",ham,normal_group_165
"Please present the coding task for our college project, from our shared folder.",ham,normal_group_166
"Can you present my coding task for our college project and let our teacher know, from our shared folder?",ham,normal_group_166
"We need to present the coding task for our college project; this is for a normal task, from our shared folder.",ham,normal_group_166
"Please review the database report for the presentation, for the next review.",ham,normal_group_167
"Can you review my database report for the presentation and let the team know, for the next review?",ham,normal_group_167
"We need to review the database report for the presentation; this is for a normal task, for the next review.",ham,normal_group_167
"Please update the security lecture tomorrow, for the lab record.",ham,normal_group_168
"Can you update my security lecture tomorrow and let me know, for the lab record?",ham,normal_group_168
"We need to update the security lecture tomorrow; this is for a normal task, for the lab record.",ham,normal_group_168
"Please confirm the lab exercise for our college project, with the correct date.",ham,normal_group_169
"Can you confirm my lab exercise for our college project and let our coordinator know, with the correct date?",ham,normal_group_169
"We need to confirm the lab exercise for our college project; this is for a normal task, with the correct date.",ham,normal_group_169
"Please finish the travel plan for the presentation, for the scheduled session.",ham,normal_group_170
"Can you finish my travel plan for the presentation and let the project lead know, for the scheduled session?",ham,normal_group_170
"We need to finish the travel plan for the presentation; this is for a normal task, for the scheduled session.",ham,normal_group_170
"Please forward the family dinner tomorrow, using the latest file.",ham,normal_group_171
"Can you forward my family dinner tomorrow and let my classmate know, using the latest file?",ham,normal_group_171
"We need to forward the family dinner tomorrow; this is for a normal task, using the latest file.",ham,normal_group_171
"Please download the birthday plan for our college project, with the updated figures.",ham,normal_group_172
"Can you download my birthday plan for our college project and let the group know, with the updated figures?",ham,normal_group_172
"We need to download the birthday plan for our college project; this is for a normal task, with the updated figures.",ham,normal_group_172
"Please schedule the group project for the presentation, with the final draft.",ham,normal_group_173
"Can you schedule my group project for the presentation and let the office know, with the final draft?",ham,normal_group_173
"We need to schedule the group project for the presentation; this is for a normal task, with the final draft.",ham,normal_group_173
"Please share the budget sheet tomorrow, for our weekly plan.",ham,normal_group_174
"Can you share my budget sheet tomorrow and let our teacher know, for our weekly plan?",ham,normal_group_174
"We need to share the budget sheet tomorrow; this is for a normal task, for our weekly plan.",ham,normal_group_174
"Please print the attendance record for our college project, after checking the notes.",ham,normal_group_175
"Can you print my attendance record for our college project and let the team know, after checking the notes?",ham,normal_group_175
"We need to print the attendance record for our college project; this is for a normal task, after checking the notes.",ham,normal_group_175
"Please discuss the course registration for the presentation, as discussed yesterday.",ham,normal_group_176
"Can you discuss my course registration for the presentation and let me know, as discussed yesterday?",ham,normal_group_176
"We need to discuss the course registration for the presentation; this is for a normal task, as discussed yesterday.",ham,normal_group_176
"Please submit the certificate collection tomorrow, from our shared folder.",ham,normal_group_177
"Can you submit my certificate collection tomorrow and let our coordinator know, from our shared folder?",ham,normal_group_177
"We need to submit the certificate collection tomorrow; this is for a normal task, from our shared folder.",ham,normal_group_177
"Please compare the appointment for our college project, for the next review.",ham,normal_group_178
"Can you compare my appointment for our college project and let the project lead know, for the next review?",ham,normal_group_178
"We need to compare the appointment for our college project; this is for a normal task, for the next review.",ham,normal_group_178
"Please attach the study session for the presentation, for the lab record.",ham,normal_group_179
"Can you attach my study session for the presentation and let my classmate know, for the lab record?",ham,normal_group_179
"We need to attach the study session for the presentation; this is for a normal task, for the lab record.",ham,normal_group_179
"Please send the project report tomorrow, with the correct date.",ham,normal_group_180
"Can you send my project report tomorrow and let the group know, with the correct date?",ham,normal_group_180
"We need to send the project report tomorrow; this is for a normal task, with the correct date.",ham,normal_group_180
"Please check the college assignment for our college project, for the scheduled session.",ham,normal_group_181
"Can you check my college assignment for our college project and let the office know, for the scheduled session?",ham,normal_group_181
"We need to check the college assignment for our college project; this is for a normal task, for the scheduled session.",ham,normal_group_181
"Please bring the presentation for the presentation, using the latest file.",ham,normal_group_182
"Can you bring my presentation for the presentation and let our teacher know, using the latest file?",ham,normal_group_182
"We need to bring the presentation for the presentation; this is for a normal task, using the latest file.",ham,normal_group_182
"Please prepare the lecture notes tomorrow, with the updated figures.",ham,normal_group_183
"Can you prepare my lecture notes tomorrow and let the team know, with the updated figures?",ham,normal_group_183
"We need to prepare the lecture notes tomorrow; this is for a normal task, with the updated figures.",ham,normal_group_183
"Please read the team meeting for our college project, with the final draft.",ham,normal_group_184
"Can you read my team meeting for our college project and let me know, with the final draft?",ham,normal_group_184
"We need to read the team meeting for our college project; this is for a normal task, with the final draft.",ham,normal_group_184
"Please organize the library visit for the presentation, for our weekly plan.",ham,normal_group_185
"Can you organize my library visit for the presentation and let our coordinator know, for our weekly plan?",ham,normal_group_185
"We need to organize the library visit for the presentation; this is for a normal task, for our weekly plan.",ham,normal_group_185
"Please present the football match tomorrow, after checking the notes.",ham,normal_group_186
"Can you present my football match tomorrow and let the project lead know, after checking the notes?",ham,normal_group_186
"We need to present the football match tomorrow; this is for a normal task, after checking the notes.",ham,normal_group_186
"Please review the lunch plan for our college project, as discussed yesterday.",ham,normal_group_187
"Can you review my lunch plan for our college project and let my classmate know, as discussed yesterday?",ham,normal_group_187
"We need to review the lunch plan for our college project; this is for a normal task, as discussed yesterday.",ham,normal_group_187
"Please update the dinner plan for the presentation, from our shared folder.",ham,normal_group_188
"Can you update my dinner plan for the presentation and let the group know, from our shared folder?",ham,normal_group_188
"We need to update the dinner plan for the presentation; this is for a normal task, from our shared folder.",ham,normal_group_188
"Please confirm the office document tomorrow, for the next review.",ham,normal_group_189
"Can you confirm my office document tomorrow and let the office know, for the next review?",ham,normal_group_189
"We need to confirm the office document tomorrow; this is for a normal task, for the next review.",ham,normal_group_189
"Please finish the invoice for our college project, for the lab record.",ham,normal_group_190
"Can you finish my invoice for our college project and let our teacher know, for the lab record?",ham,normal_group_190
"We need to finish the invoice for our college project; this is for a normal task, for the lab record.",ham,normal_group_190
"Please forward the receipt for the presentation, with the correct date.",ham,normal_group_191
"Can you forward my receipt for the presentation and let the team know, with the correct date?",ham,normal_group_191
"We need to forward the receipt for the presentation; this is for a normal task, with the correct date.",ham,normal_group_191
"Please download the parcel tomorrow, for the scheduled session.",ham,normal_group_192
"Can you download my parcel tomorrow and let me know, for the scheduled session?",ham,normal_group_192
"We need to download the parcel tomorrow; this is for a normal task, for the scheduled session.",ham,normal_group_192
"Please schedule the delivery schedule for our college project, using the latest file.",ham,normal_group_193
"Can you schedule my delivery schedule for our college project and let our coordinator know, using the latest file?",ham,normal_group_193
"We need to schedule the delivery schedule for our college project; this is for a normal task, using the latest file.",ham,normal_group_193
"Please share the event registration for the presentation, with the updated figures.",ham,normal_group_194
"Can you share my event registration for the presentation and let the project lead know, with the updated figures?",ham,normal_group_194
"We need to share the event registration for the presentation; this is for a normal task, with the updated figures.",ham,normal_group_194
"Please print the class timetable tomorrow, with the final draft.",ham,normal_group_195
"Can you print my class timetable tomorrow and let my classmate know, with the final draft?",ham,normal_group_195
"We need to print the class timetable tomorrow; this is for a normal task, with the final draft.",ham,normal_group_195
"Please discuss the coding task for our college project, for our weekly plan.",ham,normal_group_196
"Can you discuss my coding task for our college project and let the group know, for our weekly plan?",ham,normal_group_196
"We need to discuss the coding task for our college project; this is for a normal task, for our weekly plan.",ham,normal_group_196
"Please submit the database report for the presentation, after checking the notes.",ham,normal_group_197
"Can you submit my database report for the presentation and let the office know, after checking the notes?",ham,normal_group_197
"We need to submit the database report for the presentation; this is for a normal task, after checking the notes.",ham,normal_group_197
"Please compare the security lecture tomorrow, as discussed yesterday.",ham,normal_group_198
"Can you compare my security lecture tomorrow and let our teacher know, as discussed yesterday?",ham,normal_group_198
"We need to compare the security lecture tomorrow; this is for a normal task, as discussed yesterday.",ham,normal_group_198
"Please attach the lab exercise for our college project, from our shared folder.",ham,normal_group_199
"Can you attach my lab exercise for our college project and let the team know, from our shared folder?",ham,normal_group_199
"We need to attach the lab exercise for our college project; this is for a normal task, from our shared folder.",ham,normal_group_199
"Please send the travel plan for the presentation, for the next review.",ham,normal_group_200
"Can you send my travel plan for the presentation and let me know, for the next review?",ham,normal_group_200
"We need to send the travel plan for the presentation; this is for a normal task, for the next review.",ham,normal_group_200
"Please check the family dinner tomorrow, for the lab record.",ham,normal_group_201
"Can you check my family dinner tomorrow and let our coordinator know, for the lab record?",ham,normal_group_201
"We need to check the family dinner tomorrow; this is for a normal task, for the lab record.",ham,normal_group_201
"Please bring the birthday plan for our college project, with the correct date.",ham,normal_group_202
"Can you bring my birthday plan for our college project and let the project lead know, with the correct date?",ham,normal_group_202
"We need to bring the birthday plan for our college project; this is for a normal task, with the correct date.",ham,normal_group_202
"Please prepare the group project for the presentation, for the scheduled session.",ham,normal_group_203
"Can you prepare my group project for the presentation and let my classmate know, for the scheduled session?",ham,normal_group_203
"We need to prepare the group project for the presentation; this is for a normal task, for the scheduled session.",ham,normal_group_203
"Please read the budget sheet tomorrow, using the latest file.",ham,normal_group_204
"Can you read my budget sheet tomorrow and let the group know, using the latest file?",ham,normal_group_204
"We need to read the budget sheet tomorrow; this is for a normal task, using the latest file.",ham,normal_group_204
"Please organize the attendance record for our college project, with the updated figures.",ham,normal_group_205
"Can you organize my attendance record for our college project and let the office know, with the updated figures?",ham,normal_group_205
"We need to organize the attendance record for our college project; this is for a normal task, with the updated figures.",ham,normal_group_205
"Please present the course registration for the presentation, with the final draft.",ham,normal_group_206
"Can you present my course registration for the presentation and let our teacher know, with the final draft?",ham,normal_group_206
"We need to present the course registration for the presentation; this is for a normal task, with the final draft.",ham,normal_group_206
"Please review the certificate collection tomorrow, for our weekly plan.",ham,normal_group_207
"Can you review my certificate collection tomorrow and let the team know, for our weekly plan?",ham,normal_group_207
"We need to review the certificate collection tomorrow; this is for a normal task, for our weekly plan.",ham,normal_group_207
"Please update the appointment for our college project, after checking the notes.",ham,normal_group_208
"Can you update my appointment for our college project and let me know, after checking the notes?",ham,normal_group_208
"We need to update the appointment for our college project; this is for a normal task, after checking the notes.",ham,normal_group_208
"Please confirm the study session for the presentation, as discussed yesterday.",ham,normal_group_209
"Can you confirm my study session for the presentation and let our coordinator know, as discussed yesterday?",ham,normal_group_209
"We need to confirm the study session for the presentation; this is for a normal task, as discussed yesterday.",ham,normal_group_209
"Please finish the project report tomorrow, from our shared folder.",ham,normal_group_210
"Can you finish my project report tomorrow and let the project lead know, from our shared folder?",ham,normal_group_210
"We need to finish the project report tomorrow; this is for a normal task, from our shared folder.",ham,normal_group_210
"Please forward the college assignment for our college project, for the next review.",ham,normal_group_211
"Can you forward my college assignment for our college project and let my classmate know, for the next review?",ham,normal_group_211
"We need to forward the college assignment for our college project; this is for a normal task, for the next review.",ham,normal_group_211
"Please download the presentation for the presentation, for the lab record.",ham,normal_group_212
"Can you download my presentation for the presentation and let the group know, for the lab record?",ham,normal_group_212
"We need to download the presentation for the presentation; this is for a normal task, for the lab record.",ham,normal_group_212
"Please schedule the lecture notes tomorrow, with the correct date.",ham,normal_group_213
"Can you schedule my lecture notes tomorrow and let the office know, with the correct date?",ham,normal_group_213
"We need to schedule the lecture notes tomorrow; this is for a normal task, with the correct date.",ham,normal_group_213
"Please share the team meeting for our college project, for the scheduled session.",ham,normal_group_214
"Can you share my team meeting for our college project and let our teacher know, for the scheduled session?",ham,normal_group_214
"We need to share the team meeting for our college project; this is for a normal task, for the scheduled session.",ham,normal_group_214
"Please print the library visit for the presentation, using the latest file.",ham,normal_group_215
"Can you print my library visit for the presentation and let the team know, using the latest file?",ham,normal_group_215
"We need to print the library visit for the presentation; this is for a normal task, using the latest file.",ham,normal_group_215
"Please discuss the football match tomorrow, with the updated figures.",ham,normal_group_216
"Can you discuss my football match tomorrow and let me know, with the updated figures?",ham,normal_group_216
"We need to discuss the football match tomorrow; this is for a normal task, with the updated figures.",ham,normal_group_216
"Please submit the lunch plan for our college project, with the final draft.",ham,normal_group_217
"Can you submit my lunch plan for our college project and let our coordinator know, with the final draft?",ham,normal_group_217
"We need to submit the lunch plan for our college project; this is for a normal task, with the final draft.",ham,normal_group_217
"Please compare the dinner plan for the presentation, for our weekly plan.",ham,normal_group_218
"Can you compare my dinner plan for the presentation and let the project lead know, for our weekly plan?",ham,normal_group_218
"We need to compare the dinner plan for the presentation; this is for a normal task, for our weekly plan.",ham,normal_group_218
"Please attach the office document tomorrow, after checking the notes.",ham,normal_group_219
"Can you attach my office document tomorrow and let my classmate know, after checking the notes?",ham,normal_group_219
"We need to attach the office document tomorrow; this is for a normal task, after checking the notes.",ham,normal_group_219
"Please send the invoice for our college project, as discussed yesterday.",ham,normal_group_220
"Can you send my invoice for our college project and let the group know, as discussed yesterday?",ham,normal_group_220
"We need to send the invoice for our college project; this is for a normal task, as discussed yesterday.",ham,normal_group_220
"Please check the receipt for the presentation, from our shared folder.",ham,normal_group_221
"Can you check my receipt for the presentation and let the office know, from our shared folder?",ham,normal_group_221
"We need to check the receipt for the presentation; this is for a normal task, from our shared folder.",ham,normal_group_221
"Please bring the parcel tomorrow, for the next review.",ham,normal_group_222
"Can you bring my parcel tomorrow and let our teacher know, for the next review?",ham,normal_group_222
"We need to bring the parcel tomorrow; this is for a normal task, for the next review.",ham,normal_group_222
"Please prepare the delivery schedule for our college project, for the lab record.",ham,normal_group_223
"Can you prepare my delivery schedule for our college project and let the team know, for the lab record?",ham,normal_group_223
"We need to prepare the delivery schedule for our college project; this is for a normal task, for the lab record.",ham,normal_group_223
"Please read the event registration for the presentation, with the correct date.",ham,normal_group_224
"Can you read my event registration for the presentation and let me know, with the correct date?",ham,normal_group_224
"We need to read the event registration for the presentation; this is for a normal task, with the correct date.",ham,normal_group_224
"Please organize the class timetable tomorrow, for the scheduled session.",ham,normal_group_225
"Can you organize my class timetable tomorrow and let our coordinator know, for the scheduled session?",ham,normal_group_225
"We need to organize the class timetable tomorrow; this is for a normal task, for the scheduled session.",ham,normal_group_225
"Please present the coding task for our college project, using the latest file.",ham,normal_group_226
"Can you present my coding task for our college project and let the project lead know, using the latest file?",ham,normal_group_226
"We need to present the coding task for our college project; this is for a normal task, using the latest file.",ham,normal_group_226
"Please review the database report for the presentation, with the updated figures.",ham,normal_group_227
"Can you review my database report for the presentation and let my classmate know, with the updated figures?",ham,normal_group_227
"We need to review the database report for the presentation; this is for a normal task, with the updated figures.",ham,normal_group_227
"Please update the security lecture tomorrow, with the final draft.",ham,normal_group_228
"Can you update my security lecture tomorrow and let the group know, with the final draft?",ham,normal_group_228
"We need to update the security lecture tomorrow; this is for a normal task, with the final draft.",ham,normal_group_228
"Please confirm the lab exercise for our college project, for our weekly plan.",ham,normal_group_229
"Can you confirm my lab exercise for our college project and let the office know, for our weekly plan?",ham,normal_group_229
"We need to confirm the lab exercise for our college project; this is for a normal task, for our weekly plan.",ham,normal_group_229
"Please finish the travel plan for the presentation, after checking the notes.",ham,normal_group_230
"Can you finish my travel plan for the presentation and let our teacher know, after checking the notes?",ham,normal_group_230
"We need to finish the travel plan for the presentation; this is for a normal task, after checking the notes.",ham,normal_group_230
"Please forward the family dinner tomorrow, as discussed yesterday.",ham,normal_group_231
"Can you forward my family dinner tomorrow and let the team know, as discussed yesterday?",ham,normal_group_231
"We need to forward the family dinner tomorrow; this is for a normal task, as discussed yesterday.",ham,normal_group_231
"Please download the birthday plan for our college project, from our shared folder.",ham,normal_group_232
"Can you download my birthday plan for our college project and let me know, from our shared folder?",ham,normal_group_232
"We need to download the birthday plan for our college project; this is for a normal task, from our shared folder.",ham,normal_group_232
"Please schedule the group project for the presentation, for the next review.",ham,normal_group_233
"Can you schedule my group project for the presentation and let our coordinator know, for the next review?",ham,normal_group_233
"We need to schedule the group project for the presentation; this is for a normal task, for the next review.",ham,normal_group_233
"Please share the budget sheet tomorrow, for the lab record.",ham,normal_group_234
"Can you share my budget sheet tomorrow and let the project lead know, for the lab record?",ham,normal_group_234
"We need to share the budget sheet tomorrow; this is for a normal task, for the lab record.",ham,normal_group_234
"Please print the attendance record for our college project, with the correct date.",ham,normal_group_235
"Can you print my attendance record for our college project and let my classmate know, with the correct date?",ham,normal_group_235
"We need to print the attendance record for our college project; this is for a normal task, with the correct date.",ham,normal_group_235
"Please discuss the course registration for the presentation, for the scheduled session.",ham,normal_group_236
"Can you discuss my course registration for the presentation and let the group know, for the scheduled session?",ham,normal_group_236
"We need to discuss the course registration for the presentation; this is for a normal task, for the scheduled session.",ham,normal_group_236
"Please submit the certificate collection tomorrow, using the latest file.",ham,normal_group_237
"Can you submit my certificate collection tomorrow and let the office know, using the latest file?",ham,normal_group_237
"We need to submit the certificate collection tomorrow; this is for a normal task, using the latest file.",ham,normal_group_237
"Please compare the appointment for our college project, with the updated figures.",ham,normal_group_238
"Can you compare my appointment for our college project and let our teacher know, with the updated figures?",ham,normal_group_238
"We need to compare the appointment for our college project; this is for a normal task, with the updated figures.",ham,normal_group_238
"Please attach the study session for the presentation, with the final draft.",ham,normal_group_239
"Can you attach my study session for the presentation and let the team know, with the final draft?",ham,normal_group_239
"We need to attach the study session for the presentation; this is for a normal task, with the final draft.",ham,normal_group_239
"Please send the project report tomorrow, for our weekly plan.",ham,normal_group_240
"Can you send my project report tomorrow and let me know, for our weekly plan?",ham,normal_group_240
"We need to send the project report tomorrow; this is for a normal task, for our weekly plan.",ham,normal_group_240
"Please check the college assignment for our college project, after checking the notes.",ham,normal_group_241
"Can you check my college assignment for our college project and let our coordinator know, after checking the notes?",ham,normal_group_241
"We need to check the college assignment for our college project; this is for a normal task, after checking the notes.",ham,normal_group_241
"Please bring the presentation for the presentation, as discussed yesterday.",ham,normal_group_242
"Can you bring my presentation for the presentation and let the project lead know, as discussed yesterday?",ham,normal_group_242
"We need to bring the presentation for the presentation; this is for a normal task, as discussed yesterday.",ham,normal_group_242
"Please prepare the lecture notes tomorrow, from our shared folder.",ham,normal_group_243
"Can you prepare my lecture notes tomorrow and let my classmate know, from our shared folder?",ham,normal_group_243
"We need to prepare the lecture notes tomorrow; this is for a normal task, from our shared folder.",ham,normal_group_243
"Please read the team meeting for our college project, for the next review.",ham,normal_group_244
"Can you read my team meeting for our college project and let the group know, for the next review?",ham,normal_group_244
"We need to read the team meeting for our college project; this is for a normal task, for the next review.",ham,normal_group_244
"Please organize the library visit for the presentation, for the lab record.",ham,normal_group_245
"Can you organize my library visit for the presentation and let the office know, for the lab record?",ham,normal_group_245
"We need to organize the library visit for the presentation; this is for a normal task, for the lab record.",ham,normal_group_245
"Please present the football match tomorrow, with the correct date.",ham,normal_group_246
"Can you present my football match tomorrow and let our teacher know, with the correct date?",ham,normal_group_246
"We need to present the football match tomorrow; this is for a normal task, with the correct date.",ham,normal_group_246
"Please review the lunch plan for our college project, for the scheduled session.",ham,normal_group_247
"Can you review my lunch plan for our college project and let the team know, for the scheduled session?",ham,normal_group_247
"We need to review the lunch plan for our college project; this is for a normal task, for the scheduled session.",ham,normal_group_247
"Please update the dinner plan for the presentation, using the latest file.",ham,normal_group_248
"Can you update my dinner plan for the presentation and let me know, using the latest file?",ham,normal_group_248
"We need to update the dinner plan for the presentation; this is for a normal task, using the latest file.",ham,normal_group_248
"Please confirm the office document tomorrow, with the updated figures.",ham,normal_group_249
"Can you confirm my office document tomorrow and let our coordinator know, with the updated figures?",ham,normal_group_249
"We need to confirm the office document tomorrow; this is for a normal task, with the updated figures.",ham,normal_group_249
"Please finish the invoice for our college project, with the final draft.",ham,normal_group_250
"Can you finish my invoice for our college project and let the project lead know, with the final draft?",ham,normal_group_250
"We need to finish the invoice for our college project; this is for a normal task, with the final draft.",ham,normal_group_250
"Please forward the receipt for the presentation, for our weekly plan.",ham,normal_group_251
"Can you forward my receipt for the presentation and let my classmate know, for our weekly plan?",ham,normal_group_251
"We need to forward the receipt for the presentation; this is for a normal task, for our weekly plan.",ham,normal_group_251
"Please download the parcel tomorrow, after checking the notes.",ham,normal_group_252
"Can you download my parcel tomorrow and let the group know, after checking the notes?",ham,normal_group_252
"We need to download the parcel tomorrow; this is for a normal task, after checking the notes.",ham,normal_group_252
"Please schedule the delivery schedule for our college project, as discussed yesterday.",ham,normal_group_253
"Can you schedule my delivery schedule for our college project and let the office know, as discussed yesterday?",ham,normal_group_253
"We need to schedule the delivery schedule for our college project; this is for a normal task, as discussed yesterday.",ham,normal_group_253
"Please share the event registration for the presentation, from our shared folder.",ham,normal_group_254
"Can you share my event registration for the presentation and let our teacher know, from our shared folder?",ham,normal_group_254
"We need to share the event registration for the presentation; this is for a normal task, from our shared folder.",ham,normal_group_254
"Please print the class timetable tomorrow, for the next review.",ham,normal_group_255
"Can you print my class timetable tomorrow and let the team know, for the next review?",ham,normal_group_255
"We need to print the class timetable tomorrow; this is for a normal task, for the next review.",ham,normal_group_255
"Please discuss the coding task for our college project, for the lab record.",ham,normal_group_256
"Can you discuss my coding task for our college project and let me know, for the lab record?",ham,normal_group_256
"We need to discuss the coding task for our college project; this is for a normal task, for the lab record.",ham,normal_group_256
"Please submit the database report for the presentation, with the correct date.",ham,normal_group_257
"Can you submit my database report for the presentation and let our coordinator know, with the correct date?",ham,normal_group_257
"We need to submit the database report for the presentation; this is for a normal task, with the correct date.",ham,normal_group_257
"Please compare the security lecture tomorrow, for the scheduled session.",ham,normal_group_258
"Can you compare my security lecture tomorrow and let the project lead know, for the scheduled session?",ham,normal_group_258
"We need to compare the security lecture tomorrow; this is for a normal task, for the scheduled session.",ham,normal_group_258
"Please attach the lab exercise for our college project, using the latest file.",ham,normal_group_259
"Can you attach my lab exercise for our college project and let my classmate know, using the latest file?",ham,normal_group_259
"We need to attach the lab exercise for our college project; this is for a normal task, using the latest file.",ham,normal_group_259
"Please send the travel plan for the presentation, with the updated figures.",ham,normal_group_260
"Can you send my travel plan for the presentation and let the group know, with the updated figures?",ham,normal_group_260
"We need to send the travel plan for the presentation; this is for a normal task, with the updated figures.",ham,normal_group_260
"Please check the family dinner tomorrow, with the final draft.",ham,normal_group_261
"Can you check my family dinner tomorrow and let the office know, with the final draft?",ham,normal_group_261
"We need to check the family dinner tomorrow; this is for a normal task, with the final draft.",ham,normal_group_261
"Please bring the birthday plan for our college project, for our weekly plan.",ham,normal_group_262
"Can you bring my birthday plan for our college project and let our teacher know, for our weekly plan?",ham,normal_group_262
"We need to bring the birthday plan for our college project; this is for a normal task, for our weekly plan.",ham,normal_group_262
"Please prepare the group project for the presentation, after checking the notes.",ham,normal_group_263
"Can you prepare my group project for the presentation and let the team know, after checking the notes?",ham,normal_group_263
"We need to prepare the group project for the presentation; this is for a normal task, after checking the notes.",ham,normal_group_263
"Please read the budget sheet tomorrow, as discussed yesterday.",ham,normal_group_264
"Can you read my budget sheet tomorrow and let me know, as discussed yesterday?",ham,normal_group_264
"We need to read the budget sheet tomorrow; this is for a normal task, as discussed yesterday.",ham,normal_group_264
"Please organize the attendance record for our college project, from our shared folder.",ham,normal_group_265
"Can you organize my attendance record for our college project and let our coordinator know, from our shared folder?",ham,normal_group_265
"We need to organize the attendance record for our college project; this is for a normal task, from our shared folder.",ham,normal_group_265
"Please present the course registration for the presentation, for the next review.",ham,normal_group_266
"Can you present my course registration for the presentation and let the project lead know, for the next review?",ham,normal_group_266
"We need to present the course registration for the presentation; this is for a normal task, for the next review.",ham,normal_group_266
"Please review the certificate collection tomorrow, for the lab record.",ham,normal_group_267
"Can you review my certificate collection tomorrow and let my classmate know, for the lab record?",ham,normal_group_267
"We need to review the certificate collection tomorrow; this is for a normal task, for the lab record.",ham,normal_group_267
"Please update the appointment for our college project, with the correct date.",ham,normal_group_268
"Can you update my appointment for our college project and let the group know, with the correct date?",ham,normal_group_268
"We need to update the appointment for our college project; this is for a normal task, with the correct date.",ham,normal_group_268
"Please confirm the study session for the presentation, for the scheduled session.",ham,normal_group_269
"Can you confirm my study session for the presentation and let the office know, for the scheduled session?",ham,normal_group_269
"We need to confirm the study session for the presentation; this is for a normal task, for the scheduled session.",ham,normal_group_269
"Please finish the project report tomorrow, using the latest file.",ham,normal_group_270
"Can you finish my project report tomorrow and let our teacher know, using the latest file?",ham,normal_group_270
"We need to finish the project report tomorrow; this is for a normal task, using the latest file.",ham,normal_group_270
"Please forward the college assignment for our college project, with the updated figures.",ham,normal_group_271
"Can you forward my college assignment for our college project and let the team know, with the updated figures?",ham,normal_group_271
"We need to forward the college assignment for our college project; this is for a normal task, with the updated figures.",ham,normal_group_271
"Please download the presentation for the presentation, with the final draft.",ham,normal_group_272
"Can you download my presentation for the presentation and let me know, with the final draft?",ham,normal_group_272
"We need to download the presentation for the presentation; this is for a normal task, with the final draft.",ham,normal_group_272
"Please schedule the lecture notes tomorrow, for our weekly plan.",ham,normal_group_273
"Can you schedule my lecture notes tomorrow and let our coordinator know, for our weekly plan?",ham,normal_group_273
"We need to schedule the lecture notes tomorrow; this is for a normal task, for our weekly plan.",ham,normal_group_273
"Please share the team meeting for our college project, after checking the notes.",ham,normal_group_274
"Can you share my team meeting for our college project and let the project lead know, after checking the notes?",ham,normal_group_274
"We need to share the team meeting for our college project; this is for a normal task, after checking the notes.",ham,normal_group_274
"Please print the library visit for the presentation, as discussed yesterday.",ham,normal_group_275
"Can you print my library visit for the presentation and let my classmate know, as discussed yesterday?",ham,normal_group_275
"We need to print the library visit for the presentation; this is for a normal task, as discussed yesterday.",ham,normal_group_275
"Please discuss the football match tomorrow, from our shared folder.",ham,normal_group_276
"Can you discuss my football match tomorrow and let the group know, from our shared folder?",ham,normal_group_276
"We need to discuss the football match tomorrow; this is for a normal task, from our shared folder.",ham,normal_group_276
"Please submit the lunch plan for our college project, for the next review.",ham,normal_group_277
"Can you submit my lunch plan for our college project and let the office know, for the next review?",ham,normal_group_277
"We need to submit the lunch plan for our college project; this is for a normal task, for the next review.",ham,normal_group_277
"Please compare the dinner plan for the presentation, for the lab record.",ham,normal_group_278
"Can you compare my dinner plan for the presentation and let our teacher know, for the lab record?",ham,normal_group_278
"We need to compare the dinner plan for the presentation; this is for a normal task, for the lab record.",ham,normal_group_278
"Please attach the office document tomorrow, with the correct date.",ham,normal_group_279
"Can you attach my office document tomorrow and let the team know, with the correct date?",ham,normal_group_279
"We need to attach the office document tomorrow; this is for a normal task, with the correct date.",ham,normal_group_279
"Please send the invoice for our college project, for the scheduled session.",ham,normal_group_280
"Can you send my invoice for our college project and let me know, for the scheduled session?",ham,normal_group_280
"We need to send the invoice for our college project; this is for a normal task, for the scheduled session.",ham,normal_group_280
"Please check the receipt for the presentation, using the latest file.",ham,normal_group_281
"Can you check my receipt for the presentation and let our coordinator know, using the latest file?",ham,normal_group_281
"We need to check the receipt for the presentation; this is for a normal task, using the latest file.",ham,normal_group_281
"Please bring the parcel tomorrow, with the updated figures.",ham,normal_group_282
"Can you bring my parcel tomorrow and let the project lead know, with the updated figures?",ham,normal_group_282
"We need to bring the parcel tomorrow; this is for a normal task, with the updated figures.",ham,normal_group_282
"Please prepare the delivery schedule for our college project, with the final draft.",ham,normal_group_283
"Can you prepare my delivery schedule for our college project and let my classmate know, with the final draft?",ham,normal_group_283
"We need to prepare the delivery schedule for our college project; this is for a normal task, with the final draft.",ham,normal_group_283
"Please read the event registration for the presentation, for our weekly plan.",ham,normal_group_284
"Can you read my event registration for the presentation and let the group know, for our weekly plan?",ham,normal_group_284
"We need to read the event registration for the presentation; this is for a normal task, for our weekly plan.",ham,normal_group_284
"Please organize the class timetable tomorrow, after checking the notes.",ham,normal_group_285
"Can you organize my class timetable tomorrow and let the office know, after checking the notes?",ham,normal_group_285
"We need to organize the class timetable tomorrow; this is for a normal task, after checking the notes.",ham,normal_group_285
"Please present the coding task for our college project, as discussed yesterday.",ham,normal_group_286
"Can you present my coding task for our college project and let our teacher know, as discussed yesterday?",ham,normal_group_286
"We need to present the coding task for our college project; this is for a normal task, as discussed yesterday.",ham,normal_group_286
"Please review the database report for the presentation, from our shared folder.",ham,normal_group_287
"Can you review my database report for the presentation and let the team know, from our shared folder?",ham,normal_group_287
"We need to review the database report for the presentation; this is for a normal task, from our shared folder.",ham,normal_group_287
"Please update the security lecture tomorrow, for the next review.",ham,normal_group_288
"Can you update my security lecture tomorrow and let me know, for the next review?",ham,normal_group_288
"We need to update the security lecture tomorrow; this is for a normal task, for the next review.",ham,normal_group_288
"Please confirm the lab exercise for our college project, for the lab record.",ham,normal_group_289
"Can you confirm my lab exercise for our college project and let our coordinator know, for the lab record?",ham,normal_group_289
"We need to confirm the lab exercise for our college project; this is for a normal task, for the lab record.",ham,normal_group_289
"Please finish the travel plan for the presentation, with the correct date.",ham,normal_group_290
"Can you finish my travel plan for the presentation and let the project lead know, with the correct date?",ham,normal_group_290
"We need to finish the travel plan for the presentation; this is for a normal task, with the correct date.",ham,normal_group_290
"Please forward the family dinner tomorrow, for the scheduled session.",ham,normal_group_291
"Can you forward my family dinner tomorrow and let my classmate know, for the scheduled session?",ham,normal_group_291
"We need to forward the family dinner tomorrow; this is for a normal task, for the scheduled session.",ham,normal_group_291
"Please download the birthday plan for our college project, using the latest file.",ham,normal_group_292
"Can you download my birthday plan for our college project and let the group know, using the latest file?",ham,normal_group_292
"We need to download the birthday plan for our college project; this is for a normal task, using the latest file.",ham,normal_group_292
"Please schedule the group project for the presentation, with the updated figures.",ham,normal_group_293
"Can you schedule my group project for the presentation and let the office know, with the updated figures?",ham,normal_group_293
"We need to schedule the group project for the presentation; this is for a normal task, with the updated figures.",ham,normal_group_293
"Please share the budget sheet tomorrow, with the final draft.",ham,normal_group_294
"Can you share my budget sheet tomorrow and let our teacher know, with the final draft?",ham,normal_group_294
"We need to share the budget sheet tomorrow; this is for a normal task, with the final draft.",ham,normal_group_294
"Please print the attendance record for our college project, for our weekly plan.",ham,normal_group_295
"Can you print my attendance record for our college project and let the team know, for our weekly plan?",ham,normal_group_295
"We need to print the attendance record for our college project; this is for a normal task, for our weekly plan.",ham,normal_group_295
"Please discuss the course registration for the presentation, after checking the notes.",ham,normal_group_296
"Can you discuss my course registration for the presentation and let me know, after checking the notes?",ham,normal_group_296
"We need to discuss the course registration for the presentation; this is for a normal task, after checking the notes.",ham,normal_group_296
"Please submit the certificate collection tomorrow, as discussed yesterday.",ham,normal_group_297
"Can you submit my certificate collection tomorrow and let our coordinator know, as discussed yesterday?",ham,normal_group_297
"We need to submit the certificate collection tomorrow; this is for a normal task, as discussed yesterday.",ham,normal_group_297
"Please compare the appointment for our college project, from our shared folder.",ham,normal_group_298
"Can you compare my appointment for our college project and let the project lead know, from our shared folder?",ham,normal_group_298
"We need to compare the appointment for our college project; this is for a normal task, from our shared folder.",ham,normal_group_298
"Please attach the study session for the presentation, for the next review.",ham,normal_group_299
"Can you attach my study session for the presentation and let my classmate know, for the next review?",ham,normal_group_299
"We need to attach the study session for the presentation; this is for a normal task, for the next review.",ham,normal_group_299
Please review the bank statement for the office meeting.,ham,hard_normal_group_0
The bank statement is ready to review for the office meeting; no urgent action is required.,ham,hard_normal_group_0
Our team will review the bank statement for the office meeting using the normal office process.,ham,hard_normal_group_0
Please print the account report for the class presentation.,ham,hard_normal_group_1
The account report is ready to print for the class presentation; no urgent action is required.,ham,hard_normal_group_1
Our team will print the account report for the class presentation using the normal office process.,ham,hard_normal_group_1
Please update the password policy during the lab.,ham,hard_normal_group_2
The password policy is ready to update during the lab; no urgent action is required.,ham,hard_normal_group_2
Our team will update the password policy during the lab using the normal office process.,ham,hard_normal_group_2
Please record the payment schedule for our college project.,ham,hard_normal_group_3
The payment schedule is ready to record for our college project; no urgent action is required.,ham,hard_normal_group_3
Our team will record the payment schedule for our college project using the normal office process.,ham,hard_normal_group_3
Please archive the delivery notice in the official system.,ham,hard_normal_group_4
The delivery notice is ready to archive in the official system; no urgent action is required.,ham,hard_normal_group_4
Our team will archive the delivery notice in the official system using the normal office process.,ham,hard_normal_group_4
Please attach the tracking record with the coordinator.,ham,hard_normal_group_5
The tracking record is ready to attach with the coordinator; no urgent action is required.,ham,hard_normal_group_5
Our team will attach the tracking record with the coordinator using the normal office process.,ham,hard_normal_group_5
Please check the security lecture with the finance team.,ham,hard_normal_group_6
The security lecture is ready to check with the finance team; no urgent action is required.,ham,hard_normal_group_6
Our team will check the security lecture with the finance team using the normal office process.,ham,hard_normal_group_6
Please discuss the invoice review for the accounting exercise.,ham,hard_normal_group_7
The invoice review is ready to discuss for the accounting exercise; no urgent action is required.,ham,hard_normal_group_7
Our team will discuss the invoice review for the accounting exercise using the normal office process.,ham,hard_normal_group_7
Please compare the event link before the scheduled meeting.,ham,hard_normal_group_8
The event link is ready to compare before the scheduled meeting; no urgent action is required.,ham,hard_normal_group_8
Our team will compare the event link before the scheduled meeting using the normal office process.,ham,hard_normal_group_8
Please present the certificate prize list for the weekly report.,ham,hard_normal_group_9
The certificate prize list is ready to present for the weekly report; no urgent action is required.,ham,hard_normal_group_9
Our team will present the certificate prize list for the weekly report using the normal office process.,ham,hard_normal_group_9
Please review the reward program report for the office meeting.,ham,hard_normal_group_10
The reward program report is ready to review for the office meeting; no urgent action is required.,ham,hard_normal_group_10
Our team will review the reward program report for the office meeting using the normal office process.,ham,hard_normal_group_10
Please print the card statement for the class presentation.,ham,hard_normal_group_11
The card statement is ready to print for the class presentation; no urgent action is required.,ham,hard_normal_group_11
Our team will print the card statement for the class presentation using the normal office process.,ham,hard_normal_group_11
Please update the login test during the lab.,ham,hard_normal_group_12
The login test is ready to update during the lab; no urgent action is required.,ham,hard_normal_group_12
Our team will update the login test during the lab using the normal office process.,ham,hard_normal_group_12
Please record the verification checklist for our college project.,ham,hard_normal_group_13
The verification checklist is ready to record for our college project; no urgent action is required.,ham,hard_normal_group_13
Our team will record the verification checklist for our college project using the normal office process.,ham,hard_normal_group_13
Please archive the package record in the official system.,ham,hard_normal_group_14
The package record is ready to archive in the official system; no urgent action is required.,ham,hard_normal_group_14
Our team will archive the package record in the official system using the normal office process.,ham,hard_normal_group_14
Please attach the bank statement with the coordinator.,ham,hard_normal_group_15
The bank statement is ready to attach with the coordinator; no urgent action is required.,ham,hard_normal_group_15
Our team will attach the bank statement with the coordinator using the normal office process.,ham,hard_normal_group_15
Please check the account report with the finance team.,ham,hard_normal_group_16
The account report is ready to check with the finance team; no urgent action is required.,ham,hard_normal_group_16
Our team will check the account report with the finance team using the normal office process.,ham,hard_normal_group_16
Please discuss the password policy for the accounting exercise.,ham,hard_normal_group_17
The password policy is ready to discuss for the accounting exercise; no urgent action is required.,ham,hard_normal_group_17
Our team will discuss the password policy for the accounting exercise using the normal office process.,ham,hard_normal_group_17
Please compare the payment schedule before the scheduled meeting.,ham,hard_normal_group_18
The payment schedule is ready to compare before the scheduled meeting; no urgent action is required.,ham,hard_normal_group_18
Our team will compare the payment schedule before the scheduled meeting using the normal office process.,ham,hard_normal_group_18
Please present the delivery notice for the weekly report.,ham,hard_normal_group_19
The delivery notice is ready to present for the weekly report; no urgent action is required.,ham,hard_normal_group_19
Our team will present the delivery notice for the weekly report using the normal office process.,ham,hard_normal_group_19
Please review the tracking record for the office meeting.,ham,hard_normal_group_20
The tracking record is ready to review for the office meeting; no urgent action is required.,ham,hard_normal_group_20
Our team will review the tracking record for the office meeting using the normal office process.,ham,hard_normal_group_20
Please print the security lecture for the class presentation.,ham,hard_normal_group_21
The security lecture is ready to print for the class presentation; no urgent action is required.,ham,hard_normal_group_21
Our team will print the security lecture for the class presentation using the normal office process.,ham,hard_normal_group_21
Please update the invoice review during the lab.,ham,hard_normal_group_22
The invoice review is ready to update during the lab; no urgent action is required.,ham,hard_normal_group_22
Our team will update the invoice review during the lab using the normal office process.,ham,hard_normal_group_22
Please record the event link for our college project.,ham,hard_normal_group_23
The event link is ready to record for our college project; no urgent action is required.,ham,hard_normal_group_23
Our team will record the event link for our college project using the normal office process.,ham,hard_normal_group_23
Please archive the certificate prize list in the official system.,ham,hard_normal_group_24
The certificate prize list is ready to archive in the official system; no urgent action is required.,ham,hard_normal_group_24
Our team will archive the certificate prize list in the official system using the normal office process.,ham,hard_normal_group_24
Please attach the reward program report with the coordinator.,ham,hard_normal_group_25
The reward program report is ready to attach with the coordinator; no urgent action is required.,ham,hard_normal_group_25
Our team will attach the reward program report with the coordinator using the normal office process.,ham,hard_normal_group_25
Please check the card statement with the finance team.,ham,hard_normal_group_26
The card statement is ready to check with the finance team; no urgent action is required.,ham,hard_normal_group_26
Our team will check the card statement with the finance team using the normal office process.,ham,hard_normal_group_26
Please discuss the login test for the accounting exercise.,ham,hard_normal_group_27
The login test is ready to discuss for the accounting exercise; no urgent action is required.,ham,hard_normal_group_27
Our team will discuss the login test for the accounting exercise using the normal office process.,ham,hard_normal_group_27
Please compare the verification checklist before the scheduled meeting.,ham,hard_normal_group_28
The verification checklist is ready to compare before the scheduled meeting; no urgent action is required.,ham,hard_normal_group_28
Our team will compare the verification checklist before the scheduled meeting using the normal office process.,ham,hard_normal_group_28
Please present the package record for the weekly report.,ham,hard_normal_group_29
The package record is ready to present for the weekly report; no urgent action is required.,ham,hard_normal_group_29
Our team will present the package record for the weekly report using the normal office process.,ham,hard_normal_group_29
